,itemId,color,guarantee,memory,name,price,ram,site
0,bd4f3f32e70dae9b3dc17d3d7277d6b34cdde5fe, Bleu , Garantie 1 An, 8 Go  , Z7 ,259.0, 1 Go ,jumia
1,c0f0a1d70e3f5f805970366f5bf0d29d361fa47c, Noir , Garantie 1 An, 4 Go , V5 Nano ,148.0, 512 Mo ,jumia
2,95c809d493d3657ef06b115fe1e33d3ae1f1df52, Gris, Garantie 1 an, 8 Go , V5 ,187.0, 1 Go ,jumia
3,3494134f92986843aa5bae14cce7bfa0678c954a, Bleu , Garantie 1 An,  8 Go , 2.1 ,359.0, 1 Go ,jumia
4,b93a0d88ea7b183e7b38e99c26a1bc5ae8fa85f7, Lavender , Garantie 1 An, 8 Go , J2 Core ,309.0, 1 Go ,jumia
5,b5cdebe005bc9def7f5f49d0bfd198c3e92be833,, Garantie 1 An, 16 Go  , M11  Grayblue ,439.0, 2 Go ,jumia
6,a17d2f3ebf634f7e1b5872c5121b11180d92ecac, Bleu , Garantie 1 An, 64 Go , A7 ,645.0, 3 Go ,jumia
7,d1268a8de75bb2b4e208d99df0e59221bdf332eb, Brun ambré , Garantie 1 an, 32 Go , Y6 Prime 2019 ,449.0, 2 Go ,jumia
8,81bff5bb864f08a629f37eae4247eb535115d708, Rouge , Garantie 1 an, 32 Go , Galaxy J6 Plus ,599.0, RAM 3 Go ,jumia
9,30808fc7dfb59d0a346e991c7d000a8d27f891bc, Black , Garantie 1 An, 8 Go , V4+ ,219.0, 1 Go ,jumia
10,0d36c4053a4a7329353f4cc3bf5268f7ce0e6f49, Noir , Garantie 1 an, 16 Go , 3.1 ,489.0, 2 Go ,jumia
11,55f4de7ab2d4a810758d027167156d4278e26d94, Bleu , Garantie 1 An, 128 Go , P30 Lite ,899.0, 4 Go ,jumia
12,53023ac767fade77031f2905747111c1b7d7af7b, Noir , Garantie 1 an, 64 Go, Galaxy A30 ,829.0, 4 GB ,jumia
13,b0f2acc17dcfcf0d6a3cd073afb1557a8292394a, Noir , Garantie 1 An,  16 GO , Y8 ,430.0,  3 Go ,jumia
14,da6a9c144717891fb32c42c506865f0d6205c6de, Gold , Garantie 1An, 4Go , Z6 Mini ,125.0, 512Mo ,jumia
15,e47dc71dea7c93570ada914b432e28887da44aef, Noir , Garantie 1 an, 128 Go , Galaxy A7 2018 ,1350.0,  4 Go ,jumia
16,69499d2c1b148ede484f31179bf9c41444d06ab0, Noir , Garantie 1 An, 128 Go , Galaxy A70 ,1559.0,  6 Go ,jumia
17,90d50e1f328bce0598effb3f9d23bbef8e86e198, Noir , Garantie 1 An, 4 Go , V5 Nano ,138.0, 512 Mo ,jumia
18,097b0d33d01944076534bdf17911e1e03999bf78, Gold , Garantie 1 An, 16 Go , Apex ,245.0, 1 Go ,jumia
19,ffa6c7cfea61b43983d29f9162b07ec739aaf8f4, Rouge , Garantie 1 An, 16 Go , Apex ,245.0, 1 Go ,jumia
20,0a3973debfab4c97c591a21b9eeef7e40673cf6c, Rouge , Garantie 1 An, 32 Go , Galaxy A10 ,479.0, 2 Go ,jumia
21,c7222a379c71a881d985e7d4bcdc9ffd473e32ac, Brun ambré , Garantie 1 An, 32 Go , Y6 Prime 2019 ,509.0, 2 Go ,jumia
22,05c2d92c6477faa8e82113e0deeb257c82e1869f, Rouge , Garantie 1 an, 32 Go , Hot 7 Pro ,529.0, 3 Go ,jumia
23,b46c4efb5c8811477c240e607f21e6317f43fcc4, Brown , Garantie 1 an, 32 Go , Hot 7 Pro ,535.0, 3 Go ,jumia
24,361db983f37cfef5fb3c75ea184e3e6949429f0f, Bleu , Garantie 1 An, 32 Go , Y6 Prime 2019 ,549.0, 2 Go ,jumia
25,60d9f2cb1c7f87787656849b7129bc46fe47e764, Noir , Garantie 1 An, 32 Go , Galaxy J6 Plus ,559.0, 3 Go ,jumia
26,75cfbc0127dd9ff7bdb700664e8841f72e71fada, Bleu , Garantie 1An, 16Go , 5 ,579.0, 2Go ,jumia
27,4b95fb4b31dd5f5c137295116c1fee61bef64897, Bleu , Garantie 1 An + Carte SIM + 55 Dinars de communication, 32 Go , Galaxy A20 ,529.0, 3 Go ,jumia
28,a808e30e012fa4bff42533e12abf594d9018258d, Bleu , Garantie 1 An, 32 Go , Y5 2019 ,379.0,  2 Go ,jumia
29,a31b8911730108b97e849c2aab3a33f07babf168, Vert , Garantie 1 An + Carte mémoire 16 Go classe 10, 64 Go , F11 ,889.0, 6 Go ,jumia
30,45cf71b09ae62852f6a15b9c0f76dd6bc5e67f2e, Gold , Garantie 1 An, 8 Go , V4 ,189.0, 1 Go ,jumia
31,de909835b31d34b42772a9c4522ba9dc05bd0f86, Brown , Garantie 1 an, 32 Go , Y5 2019 ,399.0, 2 Go ,jumia
32,e7458176676fa13be5bb820ddcb6b6b15e1ff540, Noir , Garantie 1 An, 16 Go , Y5 Prime 2018 ,349.0, 2 Go ,jumia
33,6badb71ffa48a93bfd922432aa4884fb555c5681, Gold , Garantie 1 An, 3Go , A7 ,645.0, 64Go ,jumia
34,f097d91b0e3b4387d63b3d16d062727cc8936d42, Bleu , Garantie 1 An, 128 Go , Nova 3i ,769.0, 4 Go ,jumia
35,33a51db3359a99acb1d22b5e6ffaf2dbd50cc070, Noir , Garantie 1 an, 64 Go , Galaxy A30 ,669.0, 4 Go ,jumia
36,dc433f8d7ce9638435c38ccfbc514faabc007ce0, Noir , Garantie 1 an, 128Go , Galaxy A50  ,825.0, 4Go ,jumia
37,a26370e2260abba7ea49667f1ff0c78c762ac199, Blanc , Garantie 1 an, 128Go , Galaxy A50  ,825.0, 4Go ,jumia
38,afd18e44f5561c160ead8f1e855ccaf8400a58e9, Iris Violet , Garantie 1 an, 128 Go , Nova 3i ,769.0, 4 Go ,jumia
39,7287deeb471efbd4ab51e1beb138b8c272c0eb5f, Gold , Garantie 1 an, 4 Go , iPhone XS MAX ,3929.0, 64 Go ,jumia
40,78bbde8759e46f6e23d8e7ba18932d0abf016ca9, Gold , Garantie 1 an, 8 Go , V553 ,259.0, 1 Go ,jumia
41,f57646e64c202aa9e98b22a4042535cac5f7ba97, Noir , Garantie 1 an, 32 Go , Galaxy J6 Plus ,619.0, 3 Go ,jumia
42,d2aac6a64a1530c0988323f6876a8bbc9d27d141, Black , Garantie 1 An, 64 Go , Y9 2019 ,679.0, 4 Go ,jumia
43,978e08ca7255fbcccad5f66d1a2d6e6ae69f2c7b, Rouge , Garantie 1 An, 32 Go , Galaxy A10 ,479.0, 2 Go ,jumia
44,fe270a95c993e083f86b757493e001a346cc6f2c, Noir , Garantie 1 An, 32 Go , A5s ,539.0, 3 Go ,jumia
45,00ccf468749cc1da815758cca41a8c97d9979c2e, Noir , Garantie 1 An, 16 Go , Apex ,245.0, 1 Go ,jumia
46,297ac076d45c08935457aa46f3858ad4878ff08b, Noir , Garantie 1 An, 32 Go , A5s ,473.0, 2 Go ,jumia
47,eb88a220f57d5aee7048ec02c656b766c0c655b8, Brun Ambré , Garantie 1 An, 32 Go , Y6 Prime 2019 ,499.0, 2 Go ,jumia
48,a1a99763fd3f50a47e56e7ac2d229697d79fb11c, Brune ambré , Garantie 1 An TN, 32 Go , Y6 Prime 2019 ,489.0, 2 Go ,jumia
49,1ff9da07dddf04ce8cf06615a9a7a360b5f7d9db, Rose , Garantie 1 An, 16 Go , Apex ,245.0, 1 Go ,jumia
50,2387ad34a2179326ec43755cf8e77c29f0a65ba5, Noir , Garantie 1 An, 32 Go , Galaxy A20 ,529.0, 2 Go ,jumia
51,be7b505ec0aaeba750e7b06d6dd3ee5cd6d40297, Bleu , Garantie 1 An, 32 Go , Y6 Prime 2019 ,509.0, 2 Go ,jumia
52,a9066d1311fb2c441ac5728526aa9252cd8415b6, Noir , Garantie 1 An, 32 Go, Galaxy J4+ ,599.0, 2 Go  ,jumia
53,d6044e25a9bad8ed42cddc6a3d00c3a125634142, Space Gray , Garantie 1 An, 64 Go , IPhone X ,2879.0, 3 Go ,jumia
54,73c402e7bd9662568aec1426c30cf08050fe2577, Blue , Garantie 1An, 32 Go , Y7 prime 2019 ,589.0, 3 Go ,jumia
55,f9190f52390e428e01598c67a82288d9a624516c, Noir , Garantie 1 An, 32Go , Y7 Prime 2019 ,589.0, 3Go ,jumia
56,41ecf2bf14bd24e3b6e8ef90601df6678d91df04, Gold , Garantie 1an, 32 GB , Galaxy J4 Plus ,649.0, RAM 2 GB ,jumia
57,03c70b0f7ee139622b5825fd25a72fbacffe0e26, Bleu , Garantie 1 An + Abonnement ORYXO Iptv & Baguette Selfie, 32 Go , Y7 Prime 2019 ,669.0, 3 Go ,jumia
58,a17e441652cfa8b1b472fcd944c9d34eaf3ddb89, Rouge , Garantie 1 An + Abonnement ORYXO Iptv & Baguette Selfie, 32 Go , Y7 prime 2019 ,669.0, 3 Go ,jumia
59,e18b04a41eb0dce9af9847fe057a4ad59d2e0dcb, Rouge , Garantie 1 An, 32 Go , Y7 Prime 2019 ,669.0, 3 Go ,jumia
60,8e007a3fa9bf3ab629d6dcaa2b43c60105d65fb0, Noir , Garantie 1 An + Abonnement ORYXO Iptv & Baguette Selfie, 32 Go , Y7 Prime 2019 ,669.0, 3 Go ,jumia
61,be5c88ee64483c0f7e644573ffde7202b1b792a5, Bleu Saphir , Garantie 1 An, 64 Go , Y9 2019 ,679.0, 4 Go ,jumia
62,b4fee7bba850db00b417a148a245dea6f0f5f2a0, Aurora purple , Garantie 1 An, 64 Go , Huawei Y9 2019 ,659.0, 4 Go ,jumia
63,191af204954bd4115db0775410fb1b980d8027fa, Gold , Garantie 1 An, 16 Go , Power 2 Gold ,269.0, 2 Go ,jumia
64,bde049851bc4a7054ca6993ef4a36a2bd414857b, Bleu , Garantie 1 An, 16 Go , Y5 Lite 2018 ,329.0, 1 Go ,jumia
65,d1fc5055fbb8a20d5978d4bef4877bcd84f79082, noir , Garantie 1 an,  4 Go , Z6 Mini 3G ,139.0, 512 Mo ,jumia
66,7465f5330aaee1d78360c683c3b80d3556083544, Gold , Garantie 1 An, 8 Go , Vyper ,209.0, 1 Go ,jumia
67,2a5219fd64a866337b797a78058a3936d99574e2, Gold , Garantie 1 An, 4 Go , Z6 Mini ,125.0, 512 Mo ,jumia
68,2a1b321fd38490ccfee1262a28119ef45792f22b, 4G , Gold, 8 Go , Galaxy Grand Prime Plus ,369.0, 1.5 Go ,jumia
69,d1ce975463a990c1483e440fc06299d4cb543e07, SpaceGray , Garantie 1 an, 64 Go , iPhone XS MAX ,3499.0, 4 Go ,jumia
70,44d901587995e34cdf2f551bff912a1f96c28cd7, Bleu , Garantie 1 An, 64 Go , Galaxy A30 ,675.0, 4 Go ,jumia
71,62ddd1e3d4730eacb155b60cc19b237c5b7110ff, Space Grey , Garantie 1 An, 256 Go , iPhone 7 Plus ,2799.0, 3 Go ,jumia
72,78c84bd65beeaecd060145d88e1e1ed806637657, Gold , Garantie 1 An, 512 Mo , V5 Nano ,128.0, 4 Go ,jumia
73,1017368d3824748fb6b825cff303730711b99b7d, Breathing Crystal , Garantie 1 An, 128 Go , P30 Pro ,2899.0, 8 Go ,jumia
74,e0b8d20ae2472141ca19c757c35517eca7e301c3, Silver, Garantie 1 An, 512 Go , iPhone XS MAX ,4399.0, 4 Go ,jumia
75,d6ae0b642dae8541bf2f64bddc570d6e771721ee, Silver , Garantie 1 an, 64 Go , iPhone 8 plus ,2499.0, 3 Go ,jumia
76,e579b98cdb97a4327729c3584e9bbaf510888900, Silver , Garantie 1 An, 32 Go , Plume L3 Smart ,575.0, 3 Go ,jumia
77,e52c83299961c25e7f75e87c8734cad8d7fe1bbb, Rouge , Garantie 1 An, 32 Go , Galaxy A20 ,599.0, 3 Go ,jumia
78,26d6209fdaf10f17246790e92d8478b60d8554e9, Noir , Garantie 1 an, 8 Go , V4 Plus  ,229.0, 1 Go ,jumia
79,31bf06f848344c63bf413e93beafba751d4856b0, Violet , Garantie 1 An, 16 GO , Y8 ,430.0, 3 Go ,jumia
80,1d4be6ab0299af5e30d5da7839d8071dedc5feb5, Bleu , Garantie 1 An, 8 Go , Y5 Lite (2018) ,358.0, 1 Go ,jumia
81,c91a4027c44975560501d0cf9b2c0126ba90609d, Noir , Garantie 1 an, 8 Go , L ement 505 ,199.0, 1 Go ,jumia
82,6a3ca166abd57ac40b872fb12ceae923a3210e93, Brune ambré , Garantie 1 An, 32 Go , Y6 Prime 2019 ,490.0, 2 Go ,jumia
83,4418aa5846886036816fc0a569c0409d370173a3, Rouge , Garantie 1 An, 32 Go , Y7 prime 2019 ,589.0, 3 Go ,jumia
84,7a0c71fae5ece4ecca1c46fecd440b536b7bf373, Rouge , Garantie 1 An, 64 Go , F9 ,769.0, 4 Go ,jumia
85,18243b6e2b23fa982bd59b2a9d80d0506fda27ec, Black , Black , 16 Go , Plume L 2 Pro ,422.0, RAM 2 Go ,jumia
86,f78b48dc3c1d51d73cb5dba4ebebe2f14c888307, Noir , Garantie 1 an, 32 G , Plume L3 ,489.0, 3 Go ,jumia
87,f1ce70ad63e400f7b93139c87db9fe01cb2a59f1, Blanc , Garantie 1 an, 128 Go , Galaxy A50 ,899.0, 4 Go ,jumia
88,e487aec1f7007fd2dccc6ee478d9121ab86b00bd, Noir , Garantie 1 An, 16 Go , Power2 ,279.0, 2 Go ,jumia
89,c8d5ad9d2e0d088e715dd9bc7add5cbd1858b73c, Silver, Garantie 1 An, 64 Go , iPhone X ,3599.0, 3 Go ,jumia
90,b66b6cb75c2e44da2e123da333dc429cfab2c45d, Gold , Garantie 1 An, 32 Go , Galaxy J4 plus ,695.0, 2 Go ,jumia
91,9e779be66b795ccf5d2c274554e0519bc0561e95,Iris Purple , Garantie 1 an, 128 Go , Nova 3i ,795.0, RAM 4 Go ,jumia
92,9c31a703ce908bfc79bfbb7c4d726c2f5fc9b661, Gold , Garantie 1 an, 16 Go , Galaxy J5 Pro ,799.0, 2 Go ,jumia
93,73f07cf100c9c560cc9f1c750c98404ced819096, Vert Emeraude , Garantie 1 An, 128 Go , Y9 Prime 2019 ,849.0, 4 Go ,jumia
94,ecb4f8de11586acad42ef81f375da86efbf76913, Blanc , Garantie 1 An + Carte mémoire 16 Go classe 10, 64 Go , F11 ,889.0, 6 Go ,jumia
95,5902b5de87a1cc8c21fe01f0ceb5b62f4cdf5b48, Blanc , Garantie 1 an, 64 Go , A30 ,899.0, 4 Go ,jumia
96,f337ddef136e96c24e5fb84ded01e5ec1a7ff95b, Bleu , Garantie 1 An + Baguette selfie, 16 Go , Z9 ,190.0, 1 Go ,jumia
97,5eb2c106a7a6ef3626dc55f5e8d4ac2225305404, Purple , Garantie 1 An + Carte mémoire 16 Go classe 10, 64 Go , F11 ,889.0, 6 Go ,jumia
98,df0bd3fa134857fc6ea4e04b9edcd67081776961, Gold , Garantie 1 An, 32 Go , Y5 Prime 2019 ,364.0, 2 Go ,jumia
99,5b590a19e7e35e1786dcde7e9b1e5525fa437d05, Noir , Garantie 1 An, 256 Go , iPhone 7 Plus ,2799.0, 3 Go ,jumia
100,a70d7bb553fa3c1aeb318f7b5ec1f34804f6b1e6, Aurora Green , Garantie 1 An, 128 Go , F11 Pro ,1089.0, 6 Go ,jumia
101,6189d3353e286849cf8db8c45131de069c4ce13d, Brune ambré , Garantie 1 An + Abonnement ORYXO Iptv & Baguette Selfie, 32 Go , Y6 Prime 2019 ,499.0, 2 Go ,jumia
102,763593d881bdb117d139fa9675b14e08903d0a29, Noir , Garantie 1 An, 128 Go , P30 Lite ,899.0, 4 Go ,jumia
103,be807b7192504e995a9f1902952cc273e60d89c9, Rouge , Garantie 1 An + Carte mémoire 16 Go, 32 Go , A5S ,489.0, 2 Go ,jumia
104,9ce6705382cca06a470cc865f2e4df6b245f14bf, Noir , Garantie 1 An, 64 Go , Galaxy S9 Plus ,2699.0,  6 Go ,jumia
105,b71b34ae7a550fcf517e7a9c68b83c3f4b949622, Rouge , Garantie 1 An, 16 Go , Galaxy A2 Core ,349.0, 1 Go ,jumia
106,092abc50ae834729022c30072b5222670f8290b0, Brun , Garantie 1 an, 32 Go , Y5  2019 ,389.0, 2 Go ,jumia
107,221844d8089617427bf01d5448b0403ab5eda77f, White , Garantie 1 an, 128 Go , Galaxy A50 ,879.0, 4 Go ,jumia
108,416c4fd3850f59b5fad11dd9e85450a750d47272, Noir , Garantie 1 an, 64 Go , iPhone XR ,2599.0, 2 Go ,jumia
109,22bb0a45b91161db5a148903efe709e9a521c710, Bleu , Garantie 1 an, 8 Go , V5 ,189.0, 1 Go ,jumia
110,7f0ba2030678cdd5468db61b4e88495feca91bc3, Noir , Garantie 1 An, 32 Go , Y5 Prime 2019 ,364.0, 2 Go ,jumia
111,e09988394058131dd919a6d4f05819988374a283, Rouge , Garantie 1 An + Carte SIM + 55 Dinars de communication, 32 Go , Galaxy A20 ,529.0, 3 Go ,jumia
112,d8662ade77f017fde253263c7886aa8b51a610a2, Rose , Garantie 1 an, 4 Go , Z6 Mini ,125.0, 512 Mo ,jumia
113,4208a5e988432ab01ad0c7caf93ae0d93100a435, Blue , Garantie 1 an, 128 Go , Galaxy A50 ,879.0, 4 Go ,jumia
114,770bc9f749f101754861c22955d911b435c87d0d, Blue, Garantie 1 An, 8 Go , V5 ,199.0, 1 Go ,jumia
115,c77e376d578549598e9d6da813c95c61cd5dde46, Noir , Garantie 1 An, 1 Go , Smart 2 ,289.0, 16 Go ,jumia
116,410914c2a726adcd686643e0546b6577ad657c14, Noir , Garantie 1 An, 32 Go , Hot 7 Pro ,529.0, 3 Go ,jumia
117,820b72047beb464ccaa3ff718da075981f18cca5, Noir , Garantie 1 An, 16 Go , Galaxy A2 Core ,325.0, 1Go ,jumia
118,7f9f99fcc6184de265b057c9ad0f7e1e23c97ecb, Gold , Garantie 1 An, 8 Go , V5 Plus ,229.0, 1 Go ,jumia
119,35ae8a39a6fbf028792fefcbb0879bc190738872, Space Gray, Garantie 1 An, 64 Go , iPhone X ,3599.0, 3 Go ,jumia
120,7d06e2d73517f8eaed38baa94fec9af5e751ed56, Gold  , Garantie 1 An, 4 Go , V5 Nano ,159.0, 512 Mo  ,jumia
121,4a2d20f42b119a8c17d1497891989777bcdecacc, Noir , Garantie 1 an, 8 Go , V5+ ,259.0, 1 Go ,jumia
122,bbf708a50028bbe359f78e522d6d7e32dc0ac669, Gris sombre  , Garantie 1 an, 1 Go , Galaxy A2 Core ,349.0, 16 Go ,jumia
123,3eaf6e00c33bd2abb688a8a66e264a0ea8e56c3e, Noir , Garantie 1An, 16 Go , Z9 ,219.0, 1 Go ,jumia
124,97b024aa1445fc961c8347518a87ea7ce02d4863, Noir , Garantie 1an, 32 Go , Y5  2019 ,364.0, 2 Go ,jumia
125,71b4781bce21d57581b95e6f2a3cffcc6f840e19, Gris , Garantie 1 an, 8 Go , V553 ,259.0, 1 Go ,jumia
126,40ee0b2ac6e88bd532711bfbcf7fe8a84997586c,Silver, Garantie 1 an, 1 Go , 2.1 ,399.0, 4G,jumia
127,66ec284d405d32bdb12065bd07e6179bbecc9348, Bleu Corail , Garantie 1 An, 64 Go , Galaxy S9 plus ,1749.0, 6 Go ,jumia
128,8d72062c7096f9dcbdf2201489c4143d51febf94,bleu, Garantie 1 An, 128 Go , P30 Lite ,900.0,  4 Go ,jumia
129,30fd5bd80e6c364c93c8de4509bfbe9a01a59c77, Noir , Garantie 1 an, 128 Go , Nova 3i ,999.0, 4 Go ,jumia
130,2f0c7f58af9dc3094fe531b6114e864399fb7bbe, Iris Purple , Garantie 1 an, 128 Go , Nova 3i ,1099.0, 4 Go ,jumia
131,4db2a63dacc8dbb44546348c4633cca0137c8d4d, Vert , Garantie 1 an + Carte mémoire 16 Go classe 10, 128 Go , F11 pro ,1149.0, 6 Go ,jumia
132,ecbe52214130266af8450b64abaedb3b7804db96, Gold , Garantie 1 an, 64 Go , Galaxy A6 Plus ,1199.0, 4 Go ,jumia
133,41cc79f95fd8545f035ee02dba6b41e0374981d5, Blue , Garantie 1 an, 128 Go  , A50 ,1199.0, 4 Go ,jumia
134,f710b32baf6b10b11d321189658a40121dd0a856, Blanc , Garantie 1 An, 128 Go , Galaxy S10e ,2199.0, 6 Go ,jumia
135,bd4820968e16e50308bb673c7ab29eed4a7041cd, Noir , Garantie 1 An + Carte SIM + 55 Dinars de communication, 32 Go , Galaxy A20 ,529.0, 3 Go ,jumia
136,0c5bf04e2684e48502ae52c6a1e38f4aa8a98e22, Gris , Garantie 1 An, 8 Go , V5 ,189.0, 1 Go ,jumia
137,5a052e3028483f17e564ad9a68f1da213adeb968, Rouge , Garantie 1 An, 64 Go , Y9 2019 ,659.0, 4 Go ,jumia
138,d6d997f0d20900f1604b7400e791b152b112d7e8, Gold , Garantie 1 An, 16 Go , Moto E4 Plus ,399.0, 3 Go ,jumia
139,dbfb30a878d4adf2321c63e9440e70bac5e4c640, Gris Sidéral , Garantie 1 An, 64 Go , iPhone 8 ,2149.0, 2 Go ,jumia
140,fc52f4322f8337d2ec6acf3fab6ce239d3185fa3, Midnight Black , Garantie 1 an, 4 Go , Y9 Prime 2019 ,798.0, 128 Go ,jumia
141,fc7b7df4cb2ea8442730c3481cfa8d055dc98bbb, Noir , Garantie 1 An, 128 Go , Galaxy Note 9 ,1999.0, 6 Go ,jumia
142,e6937796cb73e9727432d4998296865397abcf68, Noir , Garantie 1an, 32 Go , Y5 Prime 2019 ,369.0, 2 Go ,jumia
143,fbc9501769bbda55e43b9a0f49e3fc0f99453d32, Noir , Garantie 1 An + Film de protection 11D, 128 Go , Nova 3i ,809.0, 4 Go ,jumia
144,10781f5e169010ad00e4a9893fd7007b40f68e7b, Blue , Garantie 1 an, 64 Go , Galaxy A30 ,829.0, 4 Go ,jumia
145,3f4af5e47794e83b3aa2447399a230669e8e6499, Bleu , Garantie 1 an, 4 Go , Z6 Mini ,125.0, 512 Mo ,jumia
146,5bb3819299fe00bb4921a8ce485d677abbf63e00, Moka Brown , Garantie 2 Ans, 4G  , Mate 10    Double SIM ,999.0," 64 Go, 4 Go  ",jumia
147,fd9fe1f1889b9d24f284a015a8c1c0d9eeeaf32c, Noir , Garantie 1 An, 32 Go , Y7 prime 2019 ,599.0, 3 Go ,jumia
148,8950ad27d3d919f747beb347174bcf451de45571, Noir , Garantie 1 An, 16 Go , Y6 Prime 2018 ,429.0, 2 Go ,jumia
149,8e23b11a48b67f5cf4e05fc3d62e166dce4076eb, Jewelry white , Garantie 1 An, 64 Go , F11 ,879.0, 6 Go ,jumia
150,122ad66c75f555b72c65c3752e71c9170cff3b0e, Violet foncé , Garantie 1 an, 32 Go , A3S ,569.0, 3 Go ,jumia
151,1d70fd8b9c449ff273597ebca7895ac8734ecabb, Blanc , Garantie 1 an + Carte SIM + 55 Dinars de communication , 128 Go , Galaxy A50 ,825.0, 4 Go ,jumia
152,dbc60a3590d453becbae41da187502a245f33e40, Thunder noir , Garantie 1 an , 128 Go , F11 pro ,1149.0, 6 Go ,jumia
153,7d15abba99dc05c89d2ac4b33d2e8fb06cbc9e1a, Silver, Garantie 1 An, 32Go , iPhone 7 ,1599.0, RAM 2 Go ,jumia
154,721de653ad27f3d4cea18f79f4be19355b1cf69a, Black , Garantie 1 an, Double Sim , V5 Nano ,128.0, WIFI ,jumia
155,cd762a65ac06c1dd86c99d6edc52c6edb9f87fc5, Bleu , Garantie 1 An, 32 Go , Galaxy A10 ,459.0, 2 Go ,jumia
156,4bd83582891d4b55f3ce37a640c25d35edef1947, Peacock Bleu , Garantie 1 An, 128 Go , P30 Lite ,849.0,  4 Go ,jumia
157,da54bb75b47c7184227b050acb281aed1a8150ac, Blue Copper , Garantie 1 An, 8Go , 2.1,349.0, 1Go ,jumia
158,464342e651078c70601e482793736bfcae6ed63c, Noir , Garantie 1 An, 32 Go , Galaxy A10 ,500.0, 2 Go ,jumia
159,19addc25d62a28c7ca76dec072bcb7095b5efc22, Gold, Garantie 1 An, 1 Go , Smart 2 ,299.0, 16 Go ,jumia
160,581a3ae5a65b64283bd0144ed77a1c749452487b, Bleu , Garantie 1 An, 32 Go , Y7 Prime 2019 ,575.0, 3 Go ,jumia
161,3647cdd66402f1e92550f42288d9279bf9592489, Gold , Garantie 1 An, 8 Go , J2 Core ,369.0, 1 Go ,jumia
162,25387216c680a6dc51c469c47bbd4513f8c6093d, Noir , Garantie 1 an, 32 Go , Y6 Prime 2019 ,507.0, 2 Go ,jumia
163,c4aa13555079981a80ababf39d6498549b19aeb0, Gold , Garantie 1 An, 32 Go , Y7 prime 2018 ,515.0, 3 Go ,jumia
164,288da39daa5d7fd70f0ec383f3836d35cef50785, Gold , Garantie 1 an, 32 Go , Y7 Prime 2018 ,518.0, 3 Go ,jumia
165,5b1d03e77103b2570818307bdc0f3c52292e7011, Noir , Garantie 1an + Abonnement ORYXO Iptv & Baguette Selfie , 32 Go , Y7 Prime 2018 ,599.0, 3 Go ,jumia
166,69b475806967a982ddedebdcbe1dabe18b20c5e7, Rouge, Garantie 1 An, 16 Go , Smart 2 ,299.0, 1 Go ,jumia
167,bf11ecec5aa02f2101fc82bef90e53aed1ad45bd, Gold , Garantie 1 An, 16 Go , Galaxy A2 Core ,339.0, 1 Go ,jumia
168,9c3b093ec8c93d41f8a94f3b4bd3c853896cd85d, Rouge , Garantie 1 An, 32 Go , A5s ,539.0, 3 Go ,jumia
169,d8daa0c3f3909e86d212818e8a24923440f5a04d, Noir , Garantie 1 An, 32 Go , A5s  ,539.0, 3 Go ,jumia
170,08aaa52e5616aaf1b5660b970e028a56bfc45066, Blanc , Garantie 1 An, 128 Go , Galaxy S10 ,2499.0, 8 Go ,jumia
171,4b84f892511a1339db00e9c587dc27856830401c, Bleu , Garantie 1 An, 16 Go , Galaxy A2 Core ,345.0, 1 Go ,jumia
172,99d8747fc1149fb39cb1ac509de4014941366464, Rouge , Garantie 1 An, 32 Go , A20 ,669.0, 3 Go ,jumia
173,a5109cca3b32a6e69396af2137c892fcab5569fb, Gold , Garantie 1An, 4Go , Z6 Mini 3G ,135.0, 512Mo ,jumia
174,c34c6c65b26c43e70cef977b45d448557ef6778b, Gold , Garantie 1 An, 64 Go , iPhone 8 ,2259.0,  2 Go ,jumia
175,895ab6dbeb24e2f85ba0ed4dee0a38f1cf00f282, Noir , Garantie 1 An, 128 Go , Galaxy S10e ,2899.0, 6 Go ,jumia
176,75ad61806b169c467737cf23c6b1bd4c5efea9a9, Silver, Garantie 1 An, 64Go , iPhone XS ,3299.0, 4 Go ,jumia
177,86e312ee74d69deb80ddc2a6023c6a1ef3810f08, Noir , Garantie 1 An, 64 Mo , Pasito ,108.0, 64 Mo ,jumia
178,bf93b433ce8a3d8fd018471772229294462a1e53, Noir , Garantie 1 an, 64 Go , Y9 2019 ,658.0, 4 Go ,jumia
179,f74ff17e332ee660c43fd862371bc4aad57726bd, Bleu Saphir , Garantie 1 An, 4 Go , Y9 Prime 2019 ,797.0, 128 Go ,jumia
180,e2e6dbcd4d1ee0d7723739e633d6efd1c19b85f3, Noir , Garantie 1 An + Baguette selfie, 16 Go , Z9 ,190.0, 1 Go ,jumia
181,106150b7a7c034b394e7c7bc4d7cbdad8c610f06, Midnight Black , Garantie 1 an, 128 Go , Y9 Prime 2019 ,819.0, 4 Go ,jumia
182,86508da841371c12728ff9819f6fa53bca81abe6, Violet , Garantie 1 An, 64 Go , F9 ,789.0, 4 Go ,jumia
183,18f1f2e3398a6ffc5517a66f0b9a55a7a1a81548, Noir , Garantie 1 An, 32 Go , A1k ,369.0, 2 Go ,jumia
184,33921de4a1a426e7fb10ae0f34d73f37ca9778b5, Thunder noir , Garantie 1 an, 128 Go , F11 pro ,1100.0, 6 Go ,jumia
185,d34d87b0076d72a15bd76bbd206cb88cea5113f2, Blanc , Garantie 1 An, 128 Go , P30 Lite ,899.0, 4Go ,jumia
186,7dd69f0c533a79da118e280b94a4b82b479108ff,, Garantie 1 an, 32 Go , A7010 ,589.0, 2 Go ,jumia
187,8a0ec04aa3c3ae44b49878d1d99b51d78b9bc128, Rouge , Garantie 1 An, 32 Go , A1k ,379.0, 2 Go ,jumia
188,80273b2ced49eec9bf400c225b9ca52d4c3cc4a5, Blanc , Garantie 1 An, Stockage 8 Go , Vyper ,219.0, RAM 1 Go ,jumia
189,1f4cdbf0fd06402c0e9ed7d039ab90279ecc1368, Brown , Garantie 1 An, 32 Go , Y5 2019 ,399.0, 2 Go ,jumia
190,575f5836200e81f6b05cd0c84ecd584c8402a174, Noir , Garantie 1 an, 4 Go , Z6 Mini ,125.0, 512 Mo ,jumia
191,9c206523ae536349742f30e468235c94f22b59a0, Thunder noir , Garantie 1 an , 128 Go , F11 pro ,1099.0, 6 Go ,jumia
192,a76a1e5b6b5235a584a8ba6f965ea96db7c2839c, Bleu , Garantie 1 An, 128 Go , P30 Lite ,849.0,  4 Go ,jumia
193,ac7f924e4009f1553703fd45a4344a3335ba6d58, Noir , Garantie 1 An, 128 Go , P30 Lite ,849.0, 4 Go ,jumia
194,d667234f4d57aca98d632d83f9ede78f0619d70c, Purple , Garantie 1 An, 64 Go , F11 ,885.0, 6 Go ,jumia
195,7b95bf54a1cb3e2fcbc8694373d7ae2b003842a0, Noir , Garantie 1 an, 8 Go , 1 Plus ,359.0, 1 Go ,jumia
196,6f772c59167c2e5797799ac48505863200d36394, Rouge , Garantie 1 An, 8 Go , 1 Plus ,359.0, 1 Go ,jumia
197,8f1cd5044ea006b47f5083d6b5ce51f7d926ff7b, Bleu , Garantie 1 An, 8 Go , 1 Plus ,359.0, 1 Go ,jumia
198,a2be19e0e5ff668a8a5e7dcf6b63fd179961dafb, Blanc , Garantie 1 an, 4Go , CleverJOY S40 ,149.0, 512Mo ,jumia
199,35e7188fb9238467e8da96b74d11d8ef5715ed13, Noir , Garantie 1 an, 4 Go , Clever Lite S41 ,160.0, 512 Mo ,jumia
200,9cb4ef41c404ef5eaa9f1f754e426b3f1646c295, Noir , Garantie 1 an, 4 Go , Clever Lite S41 ,160.0, 512 Mo ,jumia
201,1baaef2725a526631f9b0419f5c7453d8ac52b38, Gold , Garantie 1 an, 4 Go , Clever Lite S41 ,160.0, 512 Mo ,jumia
202,6da5aa5688338b0abd3f472283cf6f9ecbcd1dc6, Rouge , Garantie 1 an, 4 Go , Clever Lite S41 ,160.0, 512 Mo ,jumia
203,b938992f526db7db637461a76b137c9169671b35,, Noir Garantie 1AN, 8 Go , Kylin 50I ,230.0, 1 Go ,jumia
204,a44efa30e2b40432f92f517ab133ce71b4900d6d, Silver , Garantie 1 an, 8 Go , V5 ,239.0, 1 Go ,jumia
205,5cf2f59c7c0c85ceabc9ba81d3b420a3bd0e69e6, Grey , Garantie 1 an, 8 Go , Smartphone Grand Energy ,280.0, Ram 1 Go ,jumia
206,4c44f0b797545b3b39a91c03203766b56ac8924a, Bleu , Garantie 1 An, 16 Go , Galaxy A2 Core ,315.0, 1 Go ,jumia
207,f4fc0423951cb1bd7ee129106c798a392dc878c3, Blanc , Garantie 1 an, 64 Go , Galaxy A30 ,649.0, 4 Go ,jumia
208,96f9e1f170517baf659cb9904cef1ad4d4c9d244, Gold , Garantie 1 An, 64 Go , Iphone 8 Plus ,2539.0, 3 Go ,jumia
209,0f38702a41dca7d8efc537185bd135f1ceaf03c4, Noir , Garantie 1 An, 32 Go , Galaxy J8 ,599.0, 3 Go ,jumia
210,bf7959f2968e0f9f70498ba546d81eadcb5841e6, Gold , Garantie 1 an, 8 Go , V5 ,189.0, 1 Go ,jumia
211,a6f8609cb9abaa9c7fa87f933b09705470582fdd, Noir , Garantie 1an, 128Go , Nova 3i ,769.0, Ram 4 Go ,jumia
212,3c1011a8b1df8f2475c4c92974b17492cc628bf7,, Garantie 1 An,, Smartphone   Z9 ,188.0,,jumia
213,0744084c23a4909e34408411819e51f940cdee1e, Noir , Garantie 1 An, 128 Go , Nova 3i ,789.0, 4 Go ,jumia
214,e12d00fc7ee66a121a59c0656518564aef59a821, Gold , Garantie 1 an, 16Go , Power ,298.0, 1 Go ,jumia
215,740ca06815b94a70de9fdeaa3430d8d08412e086, Silver , Garantie 1 an, 16Go , Power ,299.0, 1 Go ,jumia
216,707a1c9b8117b2fb95c65641828dd43208e46099, Noir , Garantie 1an, 8 Go , Kylin 5.5 ,299.0, 1 Go ,jumia
217,bfa7bd8774b24c5a611a61537f2f0deaa88886b0, Rouge , Garantie 1 an, 8 Go , V8 ,299.0, 1 Go ,jumia
218,15ec171f46778f6df17a522bf9fb37a5971fb549, Noir , Garantie 1 an, 16 Go , Moto C ,309.0, 1 Go ,jumia
219,9962a25d209a03261f1855a4b1d74704877173b4, 8Go , Garantie 1 an, 4G , Smartphone 50D ,335.0, Helium ,jumia
220,4094fb59d4298081d7552c0b462090a282cac044, Bleu , Garantie 1An , 16GB , M9 ,339.0, 2GB ,jumia
221,6de068d88a3cd134b5c027aca22195980c619520, Rouge , Garantie 1 An, 16Go , Moto C plus ,339.0, 1Go ,jumia
222,c7c164bf1bf63cb0eee94c9c5d7e9f8d9febec12, Emerald Green , Garantie 1 an, 128 Go , Y9 Prime 2019 ,819.0, 4 Go ,jumia
223,e331b59ecd086b87a3df4fedafa408097018fced, Bleu , Garantie 1 An, 16 Go , Y6 Prime 2018 ,399.0, 2 Go ,jumia
224,fb17dfa692ecd11ea6757e5c60fbb9401e63a2b8,, Garantie 1 an,, Smartphone  Galaxy J7 Core   4G ,599.0,,jumia
225,e628511ed49ddba939b5c0b0842b83b7a4abcb1c, Bleu , Garantie 1 An, 16 Go , Y5 Prime 2018 ,355.0, 2 Go ,jumia
226,09cdc7e19803de7cf57685d2e271524e78516679, Noir , Garantie 1 an, 128 Go , Galaxy S10 plus ,3999.0, 8 Go ,jumia
227,1eda93028dc1196d8f2b7b0c71ef829325d77ccc, Rouge , Garantie 1 An, 32 Go , A5s ,473.0, 2 Go ,jumia
228,548c1615bd8bbad40fe8c90e9e510955be5d1a6a, Gold , Garantie 1 An, 32 Go , T8S  ,479.0, 4 Go ,jumia
229,78bcead3d33c6da864a0baaa984f245cf10e716e, Bleu , Garantie 1 An, 32 Go , Y5 Prime 2019 ,390.0, 2 Go ,jumia
230,3109c6b2fc6c62ae58d4f6ce7756db8d27ffd580, Rouge , Garantie 1 An, 32 Go , Galaxy A10 ,459.0, 2 Go ,jumia
231,663f83a81a7e4e292905954097167bad4c11d6c6, Gold , Garantie 1An + Baguette selfie, 16 Go  , Z9 ,190.0, 1 Go  ,jumia
232,89a0ecb0c62db1e2240b90f7d3536cc48cd38efa, Rouge , Garantie 1 An,  32 Go , A5s ,475.0, 2 Go ,jumia
233,2f7b66e559a273bbc436dd364b48460658cd43eb, Noir , Garantie 1 an, 16Go, Y5 Lite 2018 ,359.0, 1Go ,jumia
234,bbd9bfdfdc9338b8c3a3728891dc10b2b841eb44, Bleu , Garantie: 1 an + Carte Mémoire 16 Go, 8 Go , 1 Plus ,359.0, 1 Go ,jumia
235,e52339a7740e53507239635c6245846d9021db93, Blanc , Garantie 1 An,  8 Go , 2.1 ,359.0, 1 Go ,jumia
236,a758eabb845b2ebab9f382a4b17db17dc6304a33, Noir , Garantie: 1 an + Carte Mémoire 16 Go, 8 Go , 1 Plus ,359.0, 1 Go ,jumia
237,777917853b34cd65ca50019ab932da443de41998, Rouge , Garantie: 1 an + Carte Mémoire 16 Go, 8 Go , 1 Plus ,359.0, 1 Go ,jumia
238,ef5cc6cf7a966c5b1a2f2b9a34b4651c36bbd850, Silver , Garantie 1 An, 16 Go , Redmi   5A ,369.0, 2 Go ,jumia
239,058c539eaad301aada146c113073fda7d71fbe25, Gold , Garantie 1 An, 16 Go , Redmi   5A ,379.0, 2 Go ,jumia
240,7f253de7ee105ee2acfbc7d360e750042cc90198, Bleu , Garantie 1 an, 8 Go , 2.1 ,379.0, 1 Go ,jumia
241,14e247c45892dd44fc024c9c69a4564e29720019, Noir , Garantie 1 An, 16 Go , Le Must ,319.0, 2 Go ,jumia
242,d305c76ca88c291b0cb6d7d51396b1aee13dc863, Noir , Garantie 1 An, 16 Go , Galaxy J4 ,399.0, 2 Go ,jumia
243,26a09c3ed36237d4df2724d5e5eb7d98eafd233e, Noir , Garantie 1 An, 32Go , A3s ,579.0, 3Go ,jumia
244,99254e6032832a5bfeba440f7a258c90905cafb2, Bleu , Garantie 1 an, 64Go , Iphone XR ,2899.0,  2 Go ,jumia
245,4987188a91ff0c46806643476228ca2112f74e0f, Aurora Violet , Garantie 1 An, 64 Go , Y9 2019 ,659.0, 4 Go ,jumia
246,e3fbd7d7c6d0e421b74892d9e12cad2341e09019, Rouge , Garantie 1 An, 8 Go , V5 Plus ,229.0, 1 Go ,jumia
247,81e55a5115dcf1a779ac43cc5a5f9e407bf34d53, Silver , Garantie 1 An, 64 Go , IPhone 8 ,2119.0, 2 Go ,jumia
248,4791ef207cb55f80364dd43fec6e250460527edb, Noir , Garantie 1 An, 16 Go , Galaxy A2 Core ,315.0, 1 Go ,jumia
249,ccdf9242c2887933799cf6b35e0e846fda5ff9d2, Noir , Garantie 1 An, 32 Go , Galaxy J8 ,670.0, 3 Go  ,jumia
250,8f574513eee090cde53895923e488de52a68a067, Noir , Garantie 1 an, 16 Go , M9 Pro 4G ,358.0, 2 Go ,jumia
251,af9c33bc69a14d41768a5d2537f663b7708efe0e, Noir , Garantie 1 An, 8 Go , V4 ,189.0, 1 Go ,jumia
252,f9669647ca88ed8cb6ce09ec4c30b89a9ab8c95c, Bleu , Garantie 1 An, 32 Go , Galaxy A20 ,529.0, 3 Go ,jumia
253,fb05a0830735a4f856a37d5fbb0ad83db769c9a5, Noir , Garantie 1 an + Flip Cover, 8Go , L,149.0, 1Go ,jumia
254,a4b24fa6f444c9687f36aec62525e9f1260cb127, Brune ambre , Garantie 1 an, 32 Go , Y5  2019 ,379.0, 2 Go ,jumia
255,0ca4b825a5621fc2e3ef2d10f85722a77e83e25c, Noir , Garantie 1 An, 32 Go , Y5 2019 ,379.0, 2 Go ,jumia
256,ae551653a58baf06769c0c9bc8bdd0ce8afd7bee, Gold , Garantie 1 An, 32 Go , Y5 Prime 2019 ,390.0, 2 Go ,jumia
257,560ae8e671b9e7fff9101ebaab56260baf597553, Gold , Garantie 1 An, 16 Go , M11 Gold  ,439.0,  2 Go ,jumia
258,4bfe17a7c63b73c99212e02aacddf60a146d8837, Brune , Garantie 1 an, 32 Go , Y5  2019 ,379.0, 2 Go ,jumia
259,b3746e67f091ab45157df68b0a048ca670ef5d92, Champagne Gold , Garantie 1 An, 1G Ram , Smart 2 HD+ ,289.0, 16G ,jumia
260,d1acca086f525600b3b5e983f10cc99ff69ae490, Gold , Garantie 1 an, 8 Go , V9 plus ,329.0, 1 Go ,jumia
261,8b30fdc2e68316debf63c3ce90ff9fe8b7d46700, Purple , Garantie 1 An, 128 Go , Nova 3i ,768.0, 4 Go ,jumia
262,e6be84fbba57f35d98460ad782031b5b6f6a9273, Noir , Garantie 1 An, 16 Go , A2 Core ,339.0, 1 Go ,jumia
263,c1f3133522da36d588441c73abcd90f76b59ef8e, Gold , Garantie 1 An, 8 Go , V4+ ,249.0, 1 Go ,jumia
264,fe40eb93e195bf43a080d0847a4d404a517f5264, Rouge , Garantie 1 An, 32 Go , Galaxy J6 Plus ,595.0, 3 Go ,jumia
265,067f00fdfea3f0a116f7d0ced2621593adfc517e, Bleu , Garantie 1 an, 64 Go , Galaxy A30 ,739.0, 4 Go ,jumia
266,49d4ca73016120c65b952c16a07e3d82b09c779a,Iron Gris , Garantie 1 An, 16 Go , Moto E4 Plus ,399.0, 3 Go ,jumia
267,fcd673a4315a92dac48dde4652b4cad44fa4e14d, Aqua Bleu , Garantie 1 An, 1G Ram , Smart 2 HD+ ,289.0, 16G ,jumia
268,c2df30ae746ead907bd10c06cff6d5d92c14b890, Noir, Garantie 1 An, 32 Go , Y5 Prime 2019 ,389.0, 2 Go ,jumia
269,b4483f5a7834d259c12d2b910473e0e4b5508b0b, Noir , Garantie 1 An + Carte mémoire 16 GO classe 10 Platinet, Stockage 8 Go , Vyper ,219.0, RAM 1 Go ,jumia
270,87842e6d01665606a8603909fce0cf77a4afb4ab, Blanc , Garantie 1 An, 4 Go , Z6 Mini ,125.0, 512 Mo ,jumia
271,f8b9827f6f911c3e121f048e86b68e69c1966d0e, Bleu , Garantie 1 An, 16 Go , A2 Core ,349.0, 1 Go ,jumia
272,99afaa7d57de6a8488263188da7ca2036d491ece, Bleu , Garantie 1 An, 16 Go , A2 Core ,339.0, 1 Go  ,jumia
273,45cc865eed229548ff57b3e795cc97b6995badf4, Gold , Garantie 1 an, 8 Go , Smartphone Grand Energy ,285.0, Ram 1 Go ,jumia
274,95893f384b61a974c66c5504b5ae2cdcba36655c, Gold , Garantie 1 an, 8 Go , Kylin 50I ,230.0, 1 Go ,jumia
275,5c763e68e92e15919235f84e868caf07a4d2aba5, Rouge , Garantie 1 An, 16 Go , Galaxy A2 Core ,329.0, 1 Go ,jumia
276,65a069a9513e95fbca914cc4dd6523e38cc3bff6, Bleu , Garantie 1 An, 32 Go , Y5 Prime 2019 ,389.0,  2 Go ,jumia
277,c7da03393beb03a4d3d4bb00c9e0266f2451edb0,, Garantie 1 an,, Tablette   7\  ,183.0,,jumia
278,e6f6bf87e3a4771ea120d3f8791697c1822f8ec6, Rouge , Garantie 1 An., 8 Go , Tablette S7G ,185.0, 1 Go ,jumia
279,23020095f8a5f1a8660f6b77776ce9b618edb060, Blanc , Garantie 1 an, 8 Go , Tablette TAB 105 ,209.0, 1 Go ,jumia
280,bae165ba170b62a9525344dee3c3484a858657ca, Gold , Garantie 1 An, 16 Go , Tablette LEAPAD X5 7\  3G ,205.0, 1 Go ,jumia
281,da087951eb0f36cf691dfb244e362d16ca764f5a, Noir , Garantie 1 an, 8Go , Tab Link 71,189.0, 1Go ,jumia
282,4e8f315df1109aec383f9f8fd92c541df6fe622b, Noir , Garantie 1 an, 8 Go , Tablette ,250.0, 1 Go ,jumia
283,ffdd4654e49e3708816070b674ba81f1afc0dc18, Blanc , Garantie 1 an, 8 Go , Tablette ,176.0, 1 Go ,jumia
284,6ec7f30948bcbf9c7698efce7f391a1e2550a025, Blanc , Garantie 1 An, 8 Go , Tablette ,188.0,  1 Go ,jumia
285,be86929ab184beb04eee7b8c4f75ec622083a884, Rose Gold , Garantie 1 An, 64 Go , iPad Pro Wi Fi + Cellular ,3167.0, 4 Go ,jumia
286,05aa7c3edc9aae1d91c83acc218a74b87c31cad4, Gold , Garantie 1 An, 64Go , iPad Pro  Wi Fi + Cellular ,3167.0, 4 Go ,jumia
287,69ee44cd952c8f17d2aebb6e958184c775b09ef4, Gold , Garantie 1 An, 32 Go , iPad Wi Fi + Cellular ,1780.0, 2 Go ,jumia
288,81fb61a5d18a1e78c49d2b589b9097cec889b3c1, Gris Sidéral , Garantie 1 An, 32 Go , iPad Wi Fi + Cellular ,1780.0, 2 Go ,jumia
289,74f22ed23d9a3a64b0c30ce808156191b2ea6064, Noir , Garantie 1 An, 16 Go , Tablette LEAPAD X ,184.0, 1 Go ,jumia
290,8b92ad6e6d03e02d91c689d51be67d02d7f2b51d, Noir , Garantie 1 An, 8 Go , Tablette Galaxy Tab A SM ,499.0, 1.5 Go ,jumia
291,126acaf3bd09402815c272b3678e2d8147168a48, Blanc , Garantie 1 An, 64 Go , F11 ,885.0, 6 Go ,jumia
292,2e11037d8015f26e966c4258dad9daa59b58063c, Vert , Garantie 1 An, 64 Go , F11 ,849.0, 6 Go ,jumia
293,bc6bc90430d0f4b3766548aac02871e8898065b8, Noir , Garantie 1 An, 128 Go , Galaxy A50 ,824.0, 4 Go ,jumia
294,358c93b0d3ad2cbf5db99fe98b57f776131b4439, Bleu , Garantie 1 an, 128 Go , Galaxy A50 ,824.0, 4 Go ,jumia
295,f3f640967fc74c97811fea82380c17b282afad21, Bleu , Garantie 1 an, 64 Go , Y9 2019 ,699.0, 4 Go ,jumia
296,683d6fc8036205cdc1403b6205c200f3b5b465d0, Bleu , Garantie 1 an, 128Go , Galaxy A50  ,825.0, 4Go ,jumia
297,3d2d7f23573de8bb76ac7c51448ee298000b4e61, Bleu , Garantie 1 An, 16 Go , Z9 ,187.0, 1 Go ,jumia
298,2cc74204759db241079d2ecf0152fa3417310759, Rouge , Garantie 1 An, 32 Go , Galaxy A20 ,549.0, 3 Go ,jumia
299,e0d4dd66e128be45e5b716ec0a86a39e10d21073, Noir , Garantie 1 An, 4 Go , Clever Lite S41 ,119.0, 512 Mo ,jumia
300,edb1358aaf6831a4d59c7b4a0dd452ce591eb64d, Gold , Garantie 1 an, 16 Go , Z9 ,187.0, 1 Go ,jumia
301,0841446bee8f0e412d8ee3a65a1409767eb5a9e2, Noir , Garantie 1 an, 16 Go , Z9 ,187.0, 1 Go ,jumia
302,48b674f2b73e28423cb8f368443995ace3402386, Bleu , Garantie 1 An, 32 Go , Galaxy A20 ,579.0, 3 Go ,jumia
303,dd5fef22cc2cff12e6517cd4b2d462f9e35818a7, Noir , Garantie 1 An, 32 Go , Galaxy A20 ,599.0, 3 Go ,jumia
304,59397551f816776aeabfd6cffede233de5c0bbc3, Noir , Garantie 1 An,16 Go , Power 2 ,269.0, 2 Go ,jumia
305,7972f44753210f92a5d61ca11816aafe9ae9b1c7, Noir , Garantie 1 an, 16 Go , M9 Pro 4G ,357.0, 2 Go ,jumia
306,eb9e84280f24921f91a6edd63b3ccbb4a371b12f, Noir , Garantie 1 An,  32 Go , A5s ,469.0,  2 Go ,jumia
307,9f41dd86cf9357a8774c645bdfa84ed9d9f4544d, Bleu , Garantie 1 An, 16 Go , M9 Pro ,352.0, 2 Go ,jumia
308,5ad874c1f1baf3a5616f73a9ac5d91cab6cbdbeb, Rouge , Garantie 1An, 32Go , Y7 prime 2019 ,559.0, 3Go ,jumia
309,0df3f2b8f86747706144d68bf59757f8e86201e9,, Garantie 1 An, 16 Go , Power 2 Gold  ,279.0, 2 Go ,jumia
310,f8909ca62ae7c25f9915d94600643f416ecbbfea, Vert , Garantie 1 an, 4 Go , Clever Lite  S41 ,119.0, 512 Mo ,jumia
311,c817baab73ee61db2dcf11ba5fb4faf54365e138, Silver , Garantie 1 an, 4 Go , Clever Lite S41 ,160.0, 512 Mo ,jumia
312,4f22da4efe0f10c352cfdcc5099911979cdc2314, Corail , Garantie 1 An, 128 Go , Galaxy A70 ,1559.0, 6 Go ,jumia
313,c489630311ce73be6acec9ee3a8c47d89b25c01f,Noir,, 4Go ,Smartphone LEAGOO Z6 Mini,149000.0, 512Mo ,MyTek
314,993d7a9357afceb5922964be2c09686a6dfebd2b,Bleu,, 4Go ,Smartphone LEAGOO Z6 Mini,149000.0, 512Mo ,MyTek
315,b35157bf0876a9329c4cd9a6ad04c65023cd1998,Gold,, 4Go ,Smartphone LEAGOO Z6 Mini,149000.0, 512Mo ,MyTek
316,112b1572b5dc9c871fb9e9554530331365bf9f75,Noir,, 8 Go ,Smartphone LEAGOO Z6 3G,199000.0, 1Go ,MyTek
317,af78a755c1a5528aaf7d01f8d0e5c8ca7cb43680,Noir,, 8 Go ,Smartphone TECNO Pop 2,259000.0, 1G ,MyTek
318,383dcf03b946da73d1bc1cc25647ee4d7f57ffa1,Gold,, 8 Go ,Smartphone TECNO Pop 2,259000.0, 1G ,MyTek
319,99d6615dcd55e37557c34fb5fc7573603b427d9f,Gris,, 8 Go ,Smartphone VERSUS V553 Gris,259000.0, 1G ,MyTek
320,7d4e30f2f279c1e33272e9bfd534eb488cd6b7e5,Gold,, 8 Go ,Smartphone VERSUS V553 Gold,259000.0, 1G ,MyTek
321,b9b3c6cddf13e76bda2da237b4fd11abb079f6fd,Noir,, 16 Go ,Smartphone LEAGOO POWER 2,279000.0, 2 Go ,MyTek
322,4b08e0d1f202cbaa032be54d695282d0558e153e,Gold,, 16 Go ,Smartphone LEAGOO POWER 2,279000.0, 2 Go ,MyTek
323,ab4020452ede4ddbdf40802165ffe20e2ec2f36d,Bleu,, 8 Go Extensible Jusqu'à 128 Go ,Smartphone NOKIA 1 Plus,329000.0, 1 Go ,MyTek
324,9fcc56327fa43f583586cee7e3354d4bc0378533,Noir,, 8 Go Extensible Jusqu'à 128 Go ,Smartphone NOKIA 1 Plus,329000.0, 1 Go ,MyTek
325,16ae55395eb8492ae557fa2cdcd8eea74b77ddba,Brown,, 32 Go ,Smartphone HUAWEI Y5 2019,399000.0, 2 Go ,MyTek
326,7aa3851bf50625b88a69dd7daea95f807ef33a6c,Bleu,, 32 Go ,Smartphone TECNO Spark 3,449000.0, 2 Go ,MyTek
327,adeabe6ad8fbb3b4868e33f3f2be967f4fe391fb,Noir,, 32 Go ,Smartphone TECNO Spark 3,449000.0, 2 Go ,MyTek
328,7a5e10b6d45ae74b9d04e5103ef68d166495e6ba,Blanc,, 32 Go ,Smartphone NOKIA 3.1 16Go,459000.0, 2 Go ,MyTek
329,8f8ad2f86bcd0fcfd66460954fe24ef00e2a3f9e,Brown,, 32 Go ,Smartphone HUAWEI Y6 Prime,479000.0, 2 Go ,MyTek
330,356f99eb8c6b327216728072186b3300fff54e8d,Noir,, 16 Go Extensible Jusqu'à 128 Go ,Smartphone NOKIA 3.2 2019,479000.0, 2 Go ,MyTek
331,0073c8d0302c1a012ed9495476be62feb9fa2bbc,Noir,,  32 Go ,Smartphone HUAWEI Y6 Prime,479000.0, 2 Go ,MyTek
332,ad6fcb03f1c5b9baee920322d5699fe4326b7d87,Bleu,, 32 Go ,Smartphone HUAWEI Y6 Prime,479000.0, 2 Go ,MyTek
333,9d92b2721adf80ed09077791e255194820fb2319,Gold,, 32 Go ,Smartphone LEAGOO T8S 4G,479000.0, 4 Go ,MyTek
334,26beb55b65d99af07e9c2ae73173f7b2d6056b2b,Rouge,," 32 Go,  MicroSD jusqu'à 512 Go ",Smartphone SAMSUNG Galaxy A10,499000.0, 2 Go ,MyTek
335,2bc0781ea6996eb75e0840640d73fa084c920928,Bleu,, 16Go ,Smartphone HUAWEI Y6 Prime,499000.0, 2Go ,MyTek
336,bc23737296fcf5eef315e18c7298065234f49795,Bleu,," 32 Go,  MicroSD jusqu'à 512 Go ",Smartphone SAMSUNG Galaxy A10,499000.0, 2 Go ,MyTek
337,28c97c1808c4159214fbe6af787433d6e32ddd48,Noir,, 128 Go ,Smartphone SAMSUNG Galaxy S10,3499000.0, 8 Go ,MyTek
338,e7363fcdc691b1ff7fb8ed3eee3656ac3e1c3385,Blanc,, 128 Go ,Smartphone SAMSUNG Galaxy S10,3499000.0, 8 Go ,MyTek
339,c0fbf9f46e778369a12e06f99ab53b7741fc4d62,Vert,, 128 Go ,Smartphone SAMSUNG Galaxy S10+,3899000.0, 8 Go ,MyTek
340,82b80f91b47ab8e1e5a24789fb32ca49d05f1737,Blanc,, 128 Go ,Smartphone SAMSUNG Galaxy S10+,3899000.0, 8 Go ,MyTek
341,3e187117ad49688044c1401ace6fade9303512ca,Noir,, 128 Go ,Smartphone SAMSUNG Galaxy S10+,3899000.0, 8 Go ,MyTek
342,520ff7f91f3f03614ab91ccf6ea74a66413efc23,Aurora,, 128 Go ,Smartphone HUAWEI P30 Pro,3999000.0, 8 Go ,MyTek
343,049d04a21c51f63bef32cf7349a756ceb6118ea3,Cristal,, 128 Go ,Smartphone HUAWEI P30 Pro,3999000.0, 8 Go ,MyTek
344,af10266692d9be3409eb0a1ed19532a36cd40709,Silver,," 128 Go,  MicroSD jusqu'à 512 Go ",Smartphone SAMSUNG Galaxy A80,2599000.0, 8 Go ,MyTek
345,393779b31cf31be420bc7b6ab24b18bbdbdb5850,Noir,," 128 Go,  MicroSD jusqu'à 512 Go ",Smartphone SAMSUNG Galaxy Note,2689000.0, 8 Go ,MyTek
346,be37537e1611c85b771bf85e1575d548f2737df2,Bleu,," 128 Go,  MicroSD jusqu'à 512 Go ",Smartphone SAMSUNG Galaxy S9,2699000.0, 8 Go ,MyTek
347,526922ff67d69f4d0fbc0eba9bf824bb8a17eaf1,Gold,," 128 Go,  MicroSD jusqu'à 512 Go ",Smartphone SAMSUNG Galaxy S9,2699000.0, 8 Go ,MyTek
348,fb2d3554cc5660c0171206e96bf2ce5d23ee1013,Noir,," 128 Go,  MicroSD jusqu'à 512 Go ",Smartphone SAMSUNG Galaxy S9,2699000.0, 8 Go ,MyTek
349,9c7ffb7f117fa700d883542cc6116d6712386ebe,Violet,," 128 Go,  MicroSD jusqu'à 512 Go ",Smartphone SAMSUNG Galaxy S9,2699000.0, 8 Go ,MyTek
350,d3633c29e7e7369717dd613db03e8178f4b25710,Blanc,, 128 Go ,Smartphone SAMSUNG Galaxy S10e,2899000.0, 6 Go ,MyTek
351,f5ac5b7774b47599a9ad5d4abcf2e21be0418190,Noir,, 128 Go ,Smartphone SAMSUNG Galaxy S10e,2899000.0, 6 Go ,MyTek
352,7c20cbeca5f882d508c5495ed676c802d61b93c8,Blanc,, 128 Go ,Smartphone SAMSUNG Galaxy Note,3129000.0, 6 Go ,MyTek
353,2cdabaff38bd5c89dffc2c3c2200066cb6970d43,Violet,, 128 Go ,Smartphone SAMSUNG Galaxy Note,3129000.0, 6 Go ,MyTek
354,707e8419a4fc13324f8dc8dc8d848b778c7982e2,Bleu,, 128 Go ,Smartphone SAMSUNG Galaxy Note,3129000.0, 6 Go ,MyTek
355,e0b54d74fb68bc031e76b3517e1f2a4160ddae6a,Noir,, 128 Go ,Smartphone SAMSUNG Galaxy Note,3129000.0, 6 Go ,MyTek
356,6ce9c30a5eb7132353a2cafdc1f7726edce7add4,Noir,, 128 Go ,Smartphone SAMSUNG Galaxy A7,1299000.0, 6 Go ,MyTek
357,4a662d9c26b5c80d7acf49c9a2878d8e1b08ba86,Corail,, 128 Go ,Smartphone SAMSUNG Galaxy A70,1599000.0, 6 Go ,MyTek
358,e3d41b451204b0a55b28e00c3dc986f361bed5e3,Noir,, 128 Go ,Smartphone SAMSUNG Galaxy A70,1599000.0, 6 Go ,MyTek
359,c179ac66e07bc2e46b785c99d3e91dc0bd3feafd,Blanc,, 128 Go ,Smartphone SAMSUNG Galaxy A70,1599000.0, 6 Go ,MyTek
360,55d57e75e252d4157d4ab6b4592c6a987b84eb34,Bleu,, 128 Go ,Smartphone SAMSUNG Galaxy A9,1999000.0, 6 Go ,MyTek
361,1a403688a1cff103ae5823dafba3aa2ef44df910,Noir,, 128 Go ,Smartphone SAMSUNG Galaxy A9,1999000.0, 6 Go ,MyTek
362,f71e0df1d09b501a10c6fad5285135c384fe4b6f,Violet,, 128 Go ,Smartphone SAMSUNG Galaxy S8,2289000.0, 6 Go ,MyTek
363,4fc5ad13ded97b330caf6f9acdbcdd559f68e893,Noir,, 128 Go ,Smartphone SAMSUNG Galaxy S8,2299000.0, 6 Go ,MyTek
364,6f3e0cc0278ca53005318fc4493b4bae0dc42ce1,Grey,, 128 Go ,Smartphone SAMSUNG Galaxy S9,2469000.0, 6 Go ,MyTek
365,f875c631d6bec4a3f48be58ccb7751c34864d975,Noir,, 128 Go ,Smartphone SAMSUNG Galaxy S9,2469000.0, 6 Go ,MyTek
366,8a93167cc4be506a644532fc99d674f298739141,Violet,, 128 Go ,Smartphone SAMSUNG Galaxy S9,2559000.0, 6 Go ,MyTek
367,b4b7e71038d9d2d57dd71e117fd488c799050125,Gold,, 128 Go ,Smartphone SAMSUNG Galaxy A80,2599000.0, 8 Go ,MyTek
368,cf02024d3a94eaa3c1e317d635633253c9be7167,Rouge,, 128 Go ,Smartphone OPPO A5S 3,549000.0, 3Go ,MyTek
369,cc2feb2f4c4b93e16a82cd699b262dfd316f2cb5,Rose,, 32 Go ,Smartphone Nokia 4.2 32,579000.0, 3 Go ,MyTek
370,41ef3f5c526c3358aa164f23859b23d399a8bb57,Noir,, 32 Go ,Smartphone Nokia 4.2 32,579000.0, 3 Go ,MyTek
371,d0c6deee7d36189acdd6d453b251ebc68c25e0f6,Steel,, 64 Go Extensible Jusqu'à 128 Go ,Smartphone NOKIA 3.2 2019,599000.0, 3 Go ,MyTek
372,dcb1978c422f37ad7af58301b16ce0cc1a3f5918,Noir,, 64 Go Extensible Jusqu'à 128 Go ,Smartphone NOKIA 3.2 2019,599000.0, 3 Go ,MyTek
373,5a36e625f12b7ee8b3940086110282de9c320460,Rouge,,  32 Go ,Smartphone HUAWEI Y7 Prime,599000.0, 3 Go ,MyTek
374,a0b62cf9319416ef68cd8971e03ca9115af1cae0,Bleu,,  32 Go ,Smartphone HUAWEI Y7 Prime,599000.0, 3 Go ,MyTek
375,b7c2ada0c9e1a627bbe37ee3efcf9b193241ce10,Noir,, 32 Go ,Smartphone HUAWEI Y7 Prime,599000.0, 3 Go ,MyTek
376,16be758745fb0f84ef43419c03143a51e8b36c54,Violet,, 32 Go ,Smartphone OPPO A3S 32Go,599000.0, 3Go ,MyTek
377,1e453816fd93d90a8e4b1d93b7108ac8b688588b,Rouge,," 32Go ,MicroSD jusqu'à 512 Go",Smartphone SAMSUNG Galaxy J6,629000.0, 3Go ,MyTek
378,dd65f5ca5b4f3d61feadc5d241e006fc11699df9,Noir,," 32Go ,MicroSD jusqu'à 512 Go",Smartphone SAMSUNG Galaxy J6,629000.0, 3Go ,MyTek
379,e27dd9d0ff0a1478038c182cd7dee88615e349a5,Gris,," 32Go ,MicroSD jusqu'à 512 Go",Smartphone SAMSUNG Galaxy J6,629000.0, 3Go ,MyTek
380,632ddee95a98a4ce4facb8fc919d23b613d6c5d9,Rouge,, 8 Go Extensible Jusqu'à 128 Go ,Smartphone NOKIA 1 Plus,329000.0, 1 Go ,MyTek
381,5d95c1accdfe7bb8c3b2957bf61d81abbe4d73b5,Bleu,, 16 Go ,Smartphone HUAWEI Y5 Lite,339000.0, 1 Go ,MyTek
382,26158d0c99b13dc2eee67b4f267476c1611b6886,Noir,, 16 Go ,Smartphone HUAWEI Y5 Lite,339000.0, 1 Go ,MyTek
383,de401cb484645ce4bb2ae19601d9175fe8c9e285,Bleu,, 16 Go ,Smartphone LEAGOO M9 3G,339000.0, 2 Go ,MyTek
384,1f15108dabbfc330c68533a98566925c716d1082,Bleu,, 16 Go ,Smartphone SAMSUNG A2 Core,349000.0, 1 Go ,MyTek
385,f1c9902593d769818cf0f3cfbc5d26c0a89d03b4,Gris,, 16 Go ,Smartphone SAMSUNG A2 Core,349000.0, 1 Go ,MyTek
386,b84313e70c586343710b908296c3361e60a30ba5,Rouge,, 16 Go ,Smartphone SAMSUNG A2 Core,349000.0, 1 Go ,MyTek
387,4c9621ee996ce16f5b9d755ac848561b3689900c,Bleu,, 8 Go Extensible Jusqu'à 128 Go ,Smartphone NOKIA 2.1 4G,359000.0, 1 Go ,MyTek
388,6a84eeb74e0e1ca2e79d7c2ae8c952d65cc9c5be,Bleu,, 8 Go Extensible Jusqu'à 128 Go ,Smartphone NOKIA 2.1 4G,359000.0, 1 Go ,MyTek
389,095f79dfba192f6c43daaea3b02f958334df9fef,Silver,, 16 Go Extensible Jusqu'à 128 Go ,Smartphone NOKIA 2.2 2019,379000.0, 2 Go ,MyTek
390,5cf773efa3655a3afabbcbdda1a799affc9ee014,Gold,, 16Go ,Smartphone HUAWEI Y5 Prime,379000.0, 2Go ,MyTek
391,2a37f8ac7d61cd1dc6595f508bf8fa0fe49272e3,Noir,, 16 Go Extensible Jusqu'à 128 Go ,Smartphone NOKIA 2.2 2019,379000.0, 2 Go ,MyTek
392,cffba25a979ff02da9103fe61fd68bcfc6c42956,Noir,," 32 Go,  MicroSD jusqu'à 512 Go ",Smartphone SAMSUNG Galaxy A10,499000.0, 2 Go ,MyTek
393,89f83de1b9917420af21faa9791068569d1d1936,Rouge,," 32 Go,  MicroSD jusqu'à 512 Go ",Smartphone OPPO A5S -,499000.0, 2Go ,MyTek
394,108b36be24c5e1cf9b7e9b71113fbc57b328ca45,Noir,," 32 Go,  MicroSD jusqu'à 512 Go ",Smartphone OPPO A5S -,499000.0, 2Go ,MyTek
395,748abcfdea91b348450496ebf402c26eb4d77b4e,Noir,, 32 Go ,Smartphone TECNO Camon 11,539000.0, 3 Go ,MyTek
396,3278cf29e7f8bf09975a3c9669edab24a113c2b0,Bleu,, 32 Go ,Smartphone TECNO Camon 11,539000.0, 3 Go ,MyTek
397,2fb78f2abbc09b5f35164b2b48012496c975f075,Blanc,, 32 Go ,Smartphone NOKIA 3.1 Plus,549000.0, 2 Go ,MyTek
398,48e0732e262fe0212db390e75ac3a71733caa846,Noir,, 32 Go ,Smartphone OPPO A5S 3,549000.0, 3Go ,MyTek
399,a6bcba37f6be7f3270cbdcc7787c299b48f1dd66,Gold,,  32 Go ,Smartphone HUAWEI Y7 Prime,549000.0, 3 Go ,MyTek
400,3a3ee9a2dbfb64b6e218bc7ac3dde3c921a51f01,Baltique,, 32 Go ,Smartphone Nokia 3.1 Plus,649000.0, 3 Go ,MyTek
401,1bd5ad1e316edc8d1cbc8bb2b9e1c21ec0de72d1,Rose,, 32 Go ,Smartphone SAMSUNG Galaxy J4,549000.0, 2 Go ,MyTek
402,034659a71028a854a9aaf6982407228172941d88,Noir,, 32 Go ,Smartphone LEAGOO S8 4G,549000.0, 3 Go ,MyTek
403,82627071b281348f20233209313f9533c6e55267,Bleu,, 32 Go ,Smartphone LEAGOO S8 4G,549000.0, 3 Go ,MyTek
404,ad5489e3651a64a466e791aa0e7e462bf94f32f9,Bleu,,  32 Go ,Smartphone HUAWEI Y7 Prime,549000.0, 3 Go ,MyTek
405,4448fbaac4ce07cc07db35071331c1e05b984b99,Blanc,, 32 Go ,Smartphone Nokia 3.1 Plus,649000.0, 3 Go ,MyTek
406,a1e8be5df42ba7c341011333e4463271696f00ec,Bleu,, 32 Go ,Smartphone Nokia 3.1 Plus,649000.0, 3 Go ,MyTek
407,542a48335813e6017dccd14c3e07364b053f2336,Bleu,, 32 Go ,Smartphone SAMSUNG Galaxy A20,689000.0, 3 Go ,MyTek
408,360baaf7d8f01764b302caab34b8b619ca9206a6,Noir,, 32 Go ,Smartphone SAMSUNG Galaxy A20,689000.0, 3 Go ,MyTek
409,da3fd8f900359e783fa26fa54e017494792ea064,Rouge,, 32 Go ,Smartphone SAMSUNG Galaxy A20,689000.0, 3 Go ,MyTek
410,53c92f65b3faa028ad626d6d54fe665e51871b23,Noir,, 32 Go ,Smartphone HUAWEI Y9 2019,799000.0, 4 Go ,MyTek
411,ed0f7a5c17c255d8d9ffcea165d189464151343d,Bleu,, 32 Go ,Smartphone HUAWEI Y9 2019,799000.0, 4 Go ,MyTek
412,cecbf9c9c5f01d46c1e01146ed490d9769e69e2c,Violet,, 32 Go ,Smartphone SAMSUNG Galaxy J8,819000.0, 3 Go ,MyTek
413,63a84d301c9fd832d8ad4ea2615bf9d0b5d2e07b,Noir,, 32 Go ,Smartphone SAMSUNG Galaxy J8,819000.0, 3 Go ,MyTek
414,00f468ba6ce7017844ea45b655e1a936bbc69be8,Noir,, 32 Go ,Smartphone SAMSUNG Galaxy J8,819000.0, 3 Go ,MyTek
415,825960421b22cb4278a9a68a9586e90f5069aa89,Gold,, 32 Go ,Smartphone SAMSUNG Galaxy J8,819000.0, 3 Go ,MyTek
416,18464c6035b17d2402217c0a9a778d32ac545c3b,Vert,, 32 Go ,Smartphone HUAWEI Y9 Prime,849000.0, 4 Go ,MyTek
417,33c9ccc3846879eb6dba9402fa17cd1e1574c918,Bleu,, 32 Go ,Smartphone OPPO F9 -,849000.0, 4Go ,MyTek
418,87b38a50ae4cef1ba0c9a50b1d7172f96604b213,Bleu,, 32 Go ,Smartphone HUAWEI Y9 Prime,849000.0, 4 Go ,MyTek
419,2894ae2bb21cb6826b37c3ead448a0f007d91e0b,Noir,, 32 Go ,Smartphone HUAWEI Y9 Prime,849000.0, 4 Go ,MyTek
420,da3b1fa96c00f789c1fb26a733bea0c79b7d520d,Rouge,, 32 Go ,Smartphone OPPO F9 -,849000.0, 4Go ,MyTek
421,15f6e761339dbed76b44e577ef8c57e93e561926,Blanc,, 32 Go ,Smartphone SAMSUNG Galaxy A30,865000.0, 4Go ,MyTek
422,b79b86fba397a0ded3d684e6e6cd020d456ec4c1,Bleu,, 32 Go ,Smartphone SAMSUNG Galaxy A30,865000.0, 4Go ,MyTek
423,b85bea8b82b954ecafd9e9bdda2fc13b18090533,Noir,, 32 Go ,Smartphone SAMSUNG Galaxy A30,865000.0, 4Go ,MyTek
424,b8b928e5eb1a850702607d218b4e093f7387ec8d,White,, 32 Go ,Smartphone OPPO F11 -,899000.0, 6Go ,MyTek
425,e9454483c7fd5fa8530091819c7dd06ae031a848,Vert,, 32 Go ,Smartphone OPPO F11 -,899000.0, 6Go ,MyTek
426,77f5173f447ad74006ba77a2a2106533aa3ccfcd,Purple,, 32 Go ,Smartphone OPPO F11 -,899000.0, 6Go ,MyTek
427,5d97fbac0597d253df5a99f3754e7f51d78a2804,Gold,, 32 Go Extensible jusqu'à 256 Go,Smartphone SAMSUNG Galaxy J7,949000.0," 3 Go, Stockage: 32 Go Extensible jusqu'à 256 Go",MyTek
428,cd464b292bc94708dd9f199b07c3dad3977442c4,Steel,, 16 Go Extensible Jusqu'à 128 Go ,Smartphone NOKIA 2.2 2019,379000.0, 2 Go ,MyTek
429,2c6428365023e8310b22e521a3be57d369ab0d23,Bleu,, 32 Go ,Smartphone TECNO Pop 2,379000.0, 2G ,MyTek
430,4efd5468938a810cd491b4cbde0a5eebf527884e,Noir,, 32 Go ,Smartphone TECNO Pop 2,379000.0, 2G ,MyTek
431,c5fefff495bcdb9f670125acffb28fbd29b0d5b7,Noir,, 32 Go ,Smartphone OPPO A1K -,399000.0, 2Go ,MyTek
432,2169ae7d464e2e8b5fb8d3ceb448a5a22a846a92,Bleu,, 32 Go ,Smartphone HUAWEI Y5 2019,399000.0, 2 Go ,MyTek
433,b4988f2aa4cc8c153786aa555b8ce4acff661bb4,Rouge,, 32 Go ,Smartphone OPPO A1K -,399000.0, 2Go ,MyTek
434,b071c39758bd5334ec8c2784edee905d6ecc2e90,Noir,, 32 Go ,Smartphone HUAWEI Y5 2019,399000.0, 2 Go ,MyTek
435,253fb38a3cf2070cc06eb412f2b74ab3b8e17a6e,Bleu,, 16 Go ,Smartphone LEAGOO M11 -,399000.0, 2 Go ,MyTek
436,23a167fc2895cd61a05de6b015e9f0feab6c1056,Gold,, 16Go Extensible jusqu'à 128Go ,Smartphone XIAOMI Redmi 5A,399000.0, 2Go ,MyTek
437,5e43fc01c5e276a889d39061b9ad76edd1dd3590,Gold,, 16 Go ,Smartphone LEAGOO M11 -,399000.0, 2 Go ,MyTek
438,9e3fcd2d6873ffacef8b16e74a2266067de4c302,Noir,, 16 Go ,Smartphone LEAGOO M9 Pro,399000.0, 2 Go ,MyTek
439,a36630e5dc5c5d4c485bed38b527898535967119,Bleu,, 16 Go ,Smartphone LEAGOO M9 Pro,399000.0, 2 Go ,MyTek
440,9aee4b25c0ddc4244911fe9ddc58cee96cf838bc,Noir,, 16 Go ,Smartphone SAMSUNG Galaxy A6,949000.0, 2 Go ,MyTek
441,ac857b8c079cd915b0d0d18e3a896009540a297b,Bleu,, 16 Go ,Smartphone SAMSUNG Galaxy A6,949000.0, 2 Go ,MyTek
442,5d4733b3732928da952541862ac4523b5637115f,Bleu,, 128 Go ,Smartphone HUAWEI P30 Lite,999000.0, 4 Go ,MyTek
443,760e1db9ccbe1a84e47c17d987404af7f090fc83,Blanc,, 128 Go ,Smartphone HUAWEI P30 Lite,999000.0, 4 Go ,MyTek
444,34ddb9a83d1ed79df865979acadfb9385612ca81,Noir,, 128 Go ,Smartphone HUAWEI P30 Lite,999000.0, 4 Go ,MyTek
445,9c2d4b92eb7f1a8732cba7f70749688ebe6a086e,Noir,, 128 Go ,Smartphone HUAWEI NOVA 3i,999000.0, 4Go ,MyTek
446,06151835e88f450d82351f76417e48d2150d0a29,Bleu,, 64 Go ,Smartphone SAMSUNG A6 Plus,1139000.0, 4 Go ,MyTek
447,2d14993cae663c2f8fcf87aaf5f16d438d11276f,Noir,, 64 Go ,Smartphone OPPO F11 Pro,1149000.0, 6 Go ,MyTek
448,a7ffcbc828cf574dd3d44da9156dbda62ef59bb7,Vert,, 64 Go ,Smartphone OPPO F11 Pro,1149000.0, 6 Go ,MyTek
449,a9be3a183a044f37d48ff9867d88abbbb812927a,Blanc,, 128 Go ,Smartphone SAMSUNG Galaxy A50,1169000.0, 4 Go ,MyTek
450,a20cd64fe62fc9d3c7fe6c63a95ccb3fa807d65f,Bleu,, 128 Go ,Smartphone SAMSUNG Galaxy A50,1169000.0, 4 Go ,MyTek
451,4dba1695b92f51b557bf85def2dd84cec13363ee,Noir,, 128 Go ,Smartphone SAMSUNG Galaxy A50,1169000.0, 4 Go ,MyTek
452,146bfe8c67cf7dbca4129b2718b83065880e0172,Space Grey,, 32 Go ,Apple iPhone 6S 32Go,1559000.0, 2 Go ,MyTek
453,16b13f3ed5c35152d76abe175721c99f6d3caad0,Rose,, 32 Go ,Apple iPhone 7 32Go,2099000.0, 2 Go ,MyTek
454,f16a473d2a5905acab4bfa6aa2df26a55c7e5042,Noir,, 32 Go ,Apple iPhone 7 32,2099000.0, 2 Go ,MyTek
455,ec5049748aa5e910f8b383c1b8ea9e3651916b75,Gold,, 32 Go ,Apple iPhone 7 32,2099000.0, 2 Go ,MyTek
456,13985d390a719e87578103b061d3ff27be6ae86b,Rose,, 128 Go ,Apple iPhone 7 128Go,2359000.0, 2 Go ,MyTek
457,652389fa6f50216f88f49719bd4f759235c5f6f2,Gold,, 128 Go ,Apple iPhone 7 128Go,2359000.0, 2 Go ,MyTek
458,c6922333e9874794321a4bf69c015d7106873023,Silver,, 128 Go ,Apple iPhone 7 128Go,2459000.0, 2 Go ,MyTek
459,abc6537c5775d12f2b8f1a4a432b24dd0911dd6a,Noir,, 128 Go ,Apple iPhone 7 128Go,2499000.0, 2 Go ,MyTek
460,f03dc48de8f9b5282cd21e248ce7b788b76fe99f,Noir,, 32 Go ,Apple iPhone 7 Plus,2599000.0, 3 Go ,MyTek
461,197f546c35f8d9805d69d274f7be77c41b7c761e,Gold,, 32 Go ,Apple iPhone 7 Plus,2655000.0, 3 Go ,MyTek
462,e7a329967f11e7502ce296a7231fb74b1cde3778,Gold,, 32 Go ,Apple iPhone 7 Plus,2655000.0, 3 Go ,MyTek
463,c3426993ff57f6ea0a6c1f33f64625afc3c4b682,Silver,, 32 Go ,Apple iPhone 7 Plus,2655000.0, 3 Go ,MyTek
464,4273d3ff225be34a42de01b88f4ae712bd44bf23,Silver,, 32 Go ,Apple iPhone X 64Go,3599000.0, 3 Go ,MyTek
465,c0f84994b11260d0b5dc0d538e9e445f337b05b9,Noir,, 128 Go ,Apple iPhone XR 128Go,3999000.0, 3 Go ,MyTek
466,7c2586c357beafe0b2c2a78e07906d511ea9d64b,Gold,, 64 Go ,Apple iPhone XS 64Go,4199000.0, 4 Go ,MyTek
467,f12d95d2f7dae16150e430f5b14588ae2fe1ab52,Silver,, 64 Go ,Apple iPhone XS 64Go,4199000.0, 4 Go ,MyTek
468,20df4de11582f395a8bf8ba1bb2c8b7e78294716,Grey,, 64 Go ,Apple iPhone XS 64Go,4199000.0, 4 Go ,MyTek
469,5a54279e5b6412ee35a6cc9544fdb8bd01eb0f2b,Silver,, 64 Go ,Apple iPhone X 256Go,4219000.0, 4 Go ,MyTek
470,5d521f35c5df677b287fea95c3644d33145326ed,Space Grey,, 64 Go ,Apple iPhone X 256Go,4219000.0, 4 Go ,MyTek
471,0706464f23d3e20c2446b4addb0a08984c33e493,Noir,, 64 Go ,Apple iPhone X 256Go,4219000.0, 4 Go ,MyTek
472,19dee273fddf3c58a41db19786a0a7476ac6c231,Grey,, 64 Go ,Apple iPhone XS Max,5299000.0, 4 Go ,MyTek
473,48f743367f321ccb5bee34c9ccb0f44baa971089,Black,, 32 Go ,Apple iPhone 7 Plus,2655000.0, 3 Go ,MyTek
474,57cce0e484671b6de93699db56a7e857448fc111,Rouge,, 32 Go ,Apple iPhone 8 64Go,2659000.0, 2 Go ,MyTek
475,f9c6cf23c852fcbb38ad6c413fac6e6b8ab46d94,Space Grey,, 32 Go ,Apple iPhone 8 64Go,2659000.0, 2 Go ,MyTek
476,f0157b76c42710b74eb9adfe03044e462a6c3d13,Silver,, 32 Go ,Apple iPhone 8 64Go,2659000.0, 2 Go ,MyTek
477,9d6b69f1aad538f33217401828a7f73b407e4e7f,Gold,, 32 Go ,Apple iPhone 8 64Go,2659000.0, 2 Go ,MyTek
478,03b149bfaed7aae5aa002b2433c8c7e79c9db217,Rouge,, 32 Go ,Apple iPhone 7 Plus,2699000.0, 2 Go ,MyTek
479,2eeb546362e2ccf830714922a6dc23e5f79fd79b,Noir,, 32 Go ,iPhone 7 Plus 128Go,2699000.0, 2 Go ,MyTek
480,973f3444f0846644046d2f98f29291bc165eb396,Gold,, 32 Go ,Apple iPhone 7 Plus,2699000.0, 2 Go ,MyTek
481,78765d5fdec11ca9f91e9260f9baade10af7d79f,Rouge,, 32 Go ,Apple iPhone 8 256Go,2999000.0, 2 Go ,MyTek
482,60a7df309717851e81250654d85a231a405c3874,Gold,, 32 Go ,Apple iPhone 8 256Go,2999000.0, 2 Go ,MyTek
483,b8d2148a970279efda6fac0c53484ecec1246d68,Space Grey,, 32 Go ,Apple iPhone 8 256Go,2999000.0, 2 Go ,MyTek
484,378b5f83ede5a501b91ec5102eb1515c63029e53,Gold,, 32 Go ,Apple iPhone 8 Plus,3089000.0, 2 Go ,MyTek
485,81892848f8ae174db116f572824315ffa3667199,Space Grey,, 32 Go ,Apple iPhone 8 Plus,3089000.0, 2 Go ,MyTek
486,87ad63eb4b04af3ed1dd0a8484dfaad114618c80,Rouge,, 32 Go ,Apple iPhone 8 Plus,3089000.0, 2 Go ,MyTek
487,153748aade2fb6229524f0a375ef10625c34892a,Silver,, 32 Go ,Apple iPhone 8 Plus,3089000.0, 2 Go ,MyTek
488,30cbf542db383fde383949eadb9d49fdd02cd695,Corail,, 64 Go ,Apple iPhone XR 64Go,3499000.0, 3 Go ,MyTek
489,cedaa06a7df27d20b4b95eb7de8f0d7b6f78ef6f,Blanc,, 64 Go ,Apple iPhone XR 64Go,3499000.0, 3 Go ,MyTek
490,2bc77ce6575b0bfde13be596da6d386d6d3715ed,Bleu,, 64 Go ,Apple iPhone XR 64Go,3499000.0, 3 Go ,MyTek
491,f83f943682b5c6d01d9bf07107b1d15a2eaa3ba1,Rouge,, 64 Go ,Apple iPhone XR 64Go,3499000.0, 3 Go ,MyTek
492,b868f7b130a292b4a62c00bbeb5b6a13996590d7,Noir,, 64 Go ,Apple iPhone XR 64Go,3499000.0, 3 Go ,MyTek
493,2941111dbd7ccbae1e7fd155403e96cf46ea9b29,Silver,, 256 Go  ,Apple iPhone 8 Plus,3579000.0, 3 Go ,MyTek
494,cefa5ece1f9ac826fb3189208ad3911c20f7f8d3,Grey,, 256 Go  ,Apple iPhone 8 Plus,3579000.0, 3 Go ,MyTek
495,5543d26535d47ea4fa4ddac63a04f4f20d026cd0,Space Grey,, 256 Go  ,Apple iPhone X 64Go,3599000.0, 3 Go ,MyTek
496,cece38e6b1225785fdf6bed71fdb323a038af39f,Gold,, 256 Go  ,Apple iPhone 8 Plus,3599000.0, 3 Go ,MyTek
497,b7465c778c7351fa8a945d03ba84ba89e127f43e,Rouge,, 8 Go ,Tablette SuperTab A7 8Go,129000.0, 512 Mo ,MyTek
498,6b1a3a0f32718ed19e209f812da9ed352ba95d54,Bleu,, 8 Go ,Tablette SuperTab A7 8Go,129000.0, 512 Mo ,MyTek
499,4348b93ed4d385ecf7995a66e3addd96573bc39d,Blanc,, 8 Go ,Tablette LOGICOM TAB72 7\ ,135000.0, 512 Mo ,MyTek
500,ceeeca7672c8ebca6f5f539de22db23e1c55bc26,Noir,, 8 Go ,Tablette LOGICOM TAB72 7\ ,145000.0, 512 Mo ,MyTek
501,99c927d0a1b53521bb7afab6122b2fffba29c496,Rose,, 8 Go ,Tablette SUPERTAB K7 Kids,159000.0, 512 Mo ,MyTek
502,6678fa4390bbde4dac6bf4e892bf9ddc3542105b,Bleu,, 8 Go ,Tablette SUPERTAB K7 Kids,159000.0, 1 Go ,MyTek
503,13ea2790cffb95e54a3a4b995119a2a5c9c6351a,Bleu,, 8 Go ,Tablette SUPERTAB K7 Kids,159000.0, 1 Go ,MyTek
504,316a4a6817e50b41ec094b690c390a4f42968786,Violet,, 8 Go ,Tablette SUPERTAB K7 Kids,159000.0, 1 Go ,MyTek
505,501ff3a777fbd57bf1ac79b0ab15c4b9a9312ea0,Vert,, 8 Go ,Tablette SUPERTAB K7 Kids,159000.0, 1 Go ,MyTek
506,7bf87a27a7477ab32ce85573a5fe76e3342f4e8c,Rouge,, 8Go ,Tablette SUPER TAB S7G,179000.0, 1Go ,MyTek
507,7b04319d6b9aa517caa596603442372ba53979a6,Purple,, 8Go ,Tablette SUPER TAB S7G,179000.0, 1Go ,MyTek
508,b0428e0149d9c1e2e868580ca7b07a9cc166a753,Gris,, 8Go ,Tablette SUPER TAB S7G,179000.0, 1Go ,MyTek
509,82f4d248d44f6a7aa647bc65be0c2120951c5a70,Noir,, 8Go ,Tablette Samsung Galaxy Tab,459000.0,"1,5 Go ",MyTek
510,149f92ee53fc98707db900e0cd4bec3eab11ea5d,,, 16 Go ,Tablette LENOVO Tab4 TB-X304L,549000.0, 2 Go LPDDR3 ,MyTek
511,330fafc4b5577f5abd8efbd023673e4218be5452,Noir,, 16 Go ,Tablette LENOVO TABE10 TB-X104X,609000.0, 2 Go ,MyTek
512,14eec7e828ae8b66049716e6dd4e1aa1a3bdc4b1,Gold,, 16Go ,Tablette HUAWEI MediaPad T3,619000.0, 2 Go ,MyTek
513,bfc18f680da8a73c5246ca59239a086321608488,,, 16 Go ,Tablette LENOVO YOGA TAB,819000.0, 2 Go ,MyTek
514,d7a30759b4e8319357b3ea579ad7903b858a9153,Bleu,, 8Go ,Tablette SUPER TAB S7G,179000.0, 1Go ,MyTek
515,4be03f6951c16e76a393c629bae12a611a561ccb,Noir,, 8Go ,Tablette LOGICOM Tab Link,189000.0, 1Go ,MyTek
516,f87d8c157f9df5013db380bd674dd0964947f62a,Silver,, 16Go ,Tablette VERSUS V730 7\ ,199000.0, 1Go ,MyTek
517,82603709bd40e0702b8124b6d2d7f9271b6f2f7b,Gold,, 16Go ,Tablette VERSUS V730 7\ ,199000.0, 1Go ,MyTek
518,b7cc592c9434c41bbddfcbb9765ec9b66c6eb8c5,Gold,, 16 Go ,Tablette LEAGOO LEAPAD X5,199000.0, 1 Go ,MyTek
519,71a6c97f34ba4f2aef671fe58528ed08ee2cb75c,Noir,, 16 Go ,Tablette LEAGOO LEAPAD X5,199000.0, 1 Go ,MyTek
520,d90bbba6099bd4746c182861aab52b1a9cf04b58,Blanc,, 8 Go ,Tablette LOGICOM 105 10\ ,229000.0, 1 Go ,MyTek
521,35e2148f2b802703c16e30b5dbe39adae400c73f,Brown,, 16Go (extensible jusqu'à 256Go à l'aide d'une carte SD) ,Tablette TECNO Droidpad 701,249000.0, 1Go ,MyTek
522,74b7c0d9ea7406baa512ae0900813d0a3c8d0b3d,Gris,, 16Go (extensible jusqu'à 256Go à l'aide d'une carte SD) ,Tablette TECNO Droidpad 701,249000.0, 1Go ,MyTek
523,27a5556ccf37fbb58477bd7469c6cfcb8f9e8547,Silver,, 16Go ,Tablette VERSUS 904Q 9\ ,299000.0, 1Go ,MyTek
524,6c7e207745cb75860ab07f9d918297367a7d6112,Silver,, 8Go ,Tablette SUPER TAB Keen,299000.0, 1Go ,MyTek
525,ceb91a186798e00feac07782d7e085b1330cd454,Grey,, 16Go ,Tablette HUAWEI MediaPad T3,319000.0, 1 Go ,MyTek
526,3e5e4f06058978b4af0d5544efde2eb5bb3bbbf9,,,16 Go, HUAWEI - Tablette T3 - 9.6\  4G - AGS-L09 ,520.0,2 Go ,Mega.tn
527,6acaf858a7d1beeaa21cdb4656550f347aa75f4c,,,16 Go, Logicom - TABLETTE TACTILE TAB 72 8 GO WIFI ,129.0,2 Go ,Mega.tn
528,beaa685961ae61d738228630f734e729e33f1096,,,8 Go extensible Jusqu'à 32 Go, SuperTab - Tablette S7G 3G ,160.0, 1 Go,Mega.tn
529,d40a5bf8a7fa4569d064767fc80a402b2d2cd042,,, 8 Go, SuperTab - TABLETTE K7 KIDS 7\  WIFI ,159.0, 1 Go,Mega.tn
530,8511183ca981dfa5812b1b098e4abbb7efba685e,Gold ,,8 Go, VERSUS - Tablette v730 7\  3g ,179.0,1 Go ,Mega.tn
531,370e71caa7da360cedb9416fe3c66b6a4ca4ef29, Noir   ,, 8 Go  , Logicom - TABLETTE TAB LINK 71 3G ,189.0, 1 Go  ,Mega.tn
532,506c6d6ea9a02083dd3a9a93527217273bbed5bc, Gold ,, 16 Go  , Leagoo - TABLETTE LEAPAD X5 7\  3G ,199.0, 1 Go  ,Mega.tn
533,1d2d32838e846fcc2b6df9ad47eae924d2ae49bb,,,16 Go + Port MicroSD jusqu’à 200Go, SAMSUNG - Tablette Galaxy Tab A 2016 SM-T585 10 pouces ,829.0, 2 Go ,Mega.tn
534,db3c0383ce34ae81606894ab7ded41d662b0dac9,,,  16Go, HUAWEI - TABLETTE MEDIAPAD T3 7\  Wifi ,284.0,1 Go,Mega.tn
535,95906cf06f3a900c7f9821472c428b956226ea5e,,,16Go, HUAWEI - Tablette MediaPad T2 7.0\  - 4G BGO-DL09 ,333.0,1 Go,Mega.tn
536,1e8d58a5c43579b7b595c4a75f4370a51d227348, Slate Black     ,, 16 Go , LENOVO - Tablette yoga tab3 10\  - 4g ZA0K0023EG ,632.0, 2 Go  ,Mega.tn
537,60ed302f3efcb043b76421cfab7c0f59f2e1ad54,,, 16 Go , Apple - Ipad 9.7\  32 go wifi MP1J2NF/A ,1759.0, 2 Go  ,Mega.tn
538,bbe4a7609b1712518e46a4eeafc1880ddfc0da9b,,, 16 Go , Apple - IPAD MINI 64G CELLULAR ,1240.0, 2 Go  ,Mega.tn
539,83f0382af128f57d07dcf9ea2a930d318b1db9c2,,,16 Go, Apple - iPad mini ,769.0, 2 Go  ,Mega.tn
540,4de3da766bfab409549d6ce388039f18f68689ef, Noir   ,, 8 Go  Extensible jusqu'à 64Go  via micro carte SD/SDHC , VEGA - TABLETTE BRAVIO 7\  4G ,167.0, 1 Go ,Mega.tn
541,0ca5d70a8d3ca1ae54b806c67ad3abe881898f99,,, 16Go , VERSUS - TABLETTE 904Q 9\  3G ,299.0, 1Go  ,Mega.tn
542,7ba731935b339294ac9a2811ea79a794cc3492de,,, 16Go , Apple - IPAD-MINI-32G-CELLULAR ,999.0, 1Go  ,Mega.tn
543,204a7839fbd2f175aad476d13036737d78097417,,,16 Go, LENOVO - TABLETTE TAB3-710I / 7\  / 3G - ZA310020EG ,259.0,1 Go ,Mega.tn
544,5cde5e57352db23c963fcfd9834f09bf56d42808, Noir ,, 16 Go  , LENOVO - TABLETTE TAB4 TB-X304L 2GO 16GO 4G - ZA2K0071EG ,549.0, 2 Go LPDDR3 ,Mega.tn
545,1bb88883812310b5647786abdaad9e9c045200f5,Blanc ,,8 Go, Logicom - TABLETTE LA TAB 105 / 10\  / WIFI ,229.0,1 Go ,Mega.tn
546,ff53328042a2b9e21a73caedfda03989953555a5, Dark Brown  ,,  16Go  (extensible jusqu'à 256Go à l'aide d'une carte SD) , TECNO Mobile - TABLETTE DROIDPAD 701 7\  16 GO ,259.0, 1Go ,Mega.tn
547,8452e75d976552c0323047a953c6248fbc4dca9f,,,interne 8 Go , SuperTab - Tablette A7 8Go WIFI ,129.0, 512 Mo,Mega.tn
548,1e1b4ab442ae0b7784b338018223ae11a4110a30,,, 16 Go, LENOVO - Tablette TAB3-730X 7\  4G ,299.0,1Go,Mega.tn
549,a594bb718831f50a1958d7044b55f122862ff485,,, 16 Go, SuperTab - Tablette R10-3G ,299.0, 1 Go,Mega.tn
550,e95cfdda3b779ab859abac2405d7fae032975b63,,, 8 Go . Processeur  Quad, SAMSUNG - Tablette Galaxy Tab 4 T231 ,449.0, 1 Go,Mega.tn
551,bb755cf8a961263eb4333da5bd499e8c67e425fb,,, 8 Go . Processeur  Quad, SAMSUNG - Tablette GALAXY TAB S3 10\  SM-T825 ,1899.0, 1 Go,Mega.tn
552,392ee4ea41ee44e7c7457c254f5e2d0ac146245e,,, 8 Go  Extensible jusqu'à 32Go  via micro carte SD/SDHC , VEGA - TABLETTE OPTIMA 77 7 3G ,159.0, 1 Go ,Mega.tn
553,3b25fd4c485b4f9eaa582120fc729b1ea09034ee,,, 8 Go , VERSUS - TABLETTE V-PAD MINI WIFI V714 ,80.0, 512Mo  ,Mega.tn
554,26729574226edd78e02d06b31c8de254ca8813a3, Brown   ,,  32 Go  , HUAWEI - SMARTPHONE Y6 PRIME 2019 4G ,479.0, 2 Go  ,Mega.tn
555,81fdd6219e508139230379e7d8bc5ffb640cbce9,,,  32 Go  , HUAWEI - SMARTPHONE Y7 PRIME 2019 4G ,599.0, 3 Go  ,Mega.tn
556,0f8ef08536850284de5390a4ce2bfe29cd7e3df4,,,128 Go, SAMSUNG - Smartphone GALAXY A50 ,1169.0,4 Go ,Mega.tn
557,fbe3205f540bc6a0a8aa3fc0845d3e8458055c6c,,,64 Go, SAMSUNG - Smartphone GALAXY A30 ,859.0,4 Go ,Mega.tn
558,cf1631167fff4d7988c34137c565ec0c7af050b3, Bleu   ,, 32 Go  , HUAWEI - SMARTPHONE Y5 PRIME 2019 ,395.0, 2 Go  ,Mega.tn
559,e16ffde5951c425f0189001e1f680ad06c1e4105,,, 128 Go  , HUAWEI - SMARTPHONE P30 LITE ,999.0, 4 Go  ,Mega.tn
560,dfcd4b4594500b9136d6b60dd5b3388027fbdabd, Bleu   ,, 32 Go , SAMSUNG - SMARTPHONE GALAXY A10 (SM-A105) ,489.0, 2 Go  ,Mega.tn
561,d605027841cdda1818fc1f9465aad2505ead74ab,,, 32 Go , HUAWEI - SMARTPHONE Y9 2019 4G Double Sim ,799.0, 2 Go  ,Mega.tn
562,2073e00f792d63265248aa7f448285201a3ea858, Bleu   ,, 32 Go , SAMSUNG - SMARTPHONE GALAXY A20 (SM-A205) ,689.0, 3 Go  ,Mega.tn
563,73f02caf3664d677fb7c78eba18d909355f7eb2a,,, 128 Go  Extensible Jusqu'à 1 To , HUAWEI - SMARTPHONE Y9 PRIME 2019 ,849.0, 4 Go  ,Mega.tn
564,7e8c1336a0d1faf7baec28733c62dd2ec9fef0d0,,, 8 Go, SAMSUNG - GALAXY A2 CORE ,339.0, 1 Go  ,Mega.tn
565,f72b2c243c05c0874549c965eb1dc0491be9187a,,,128 Go, HUAWEI - Smartphone NOVA 3I - 4G ,899.0,4 Go ,Mega.tn
566,0622de492431b183d5bf8259dcc74b260511a28e,,,32 Go, SAMSUNG - Smartphone GALAXY J6 plus 4G ,629.0,3 Go ,Mega.tn
567,436d791e942ce0755008327a9fac8093f744cbc9,,,8 Go, SAMSUNG - Smartphone Galaxy Grand Prime Plus 4G ,329.0, 1.5 Go,Mega.tn
568,d48c2f5d706c2e1bc0204e42d44bc25ce8aefb67,,, 16 Go  , SAMSUNG - Smartphone Galaxy J5 PRO 2017 ,599.0, 2 Go,Mega.tn
569,21cadf76a1e63bf4fcc0e514fabfec665c793753,,,16 Go, SAMSUNG - Smartphone Galaxy J3 Pro 4G ,449.0,2 Go ,Mega.tn
570,f8bc5c68eb1c7d1bbb23bccdaf89144c586e01d9,,, 128 Go extensible jusqu'à 400Go via micro SDXC , SAMSUNG - SMARTPHONE GALAXY NOTE 9 ,3129.0, 6 Go ,Mega.tn
571,9c96bebacf053d8ed8675b76d41af917927b05ec, Noir   ,,  8 Go , HUAWEI - SMARTPHONE Y5 LITE 2018 4G ,339.0,  1 Go ,Mega.tn
572,6501c19ef3badddaddf97f1b7c7f5fc1d6e22789,,,  8 Go , SAMSUNG - Smartphone GALAXY S10 PLUS ,3499.0,  1 Go ,Mega.tn
573,c04e0ea4614b439695ee15015e327d526562b44a,,, 64Go , SAMSUNG - Smartphone Galaxy S9 plus ,2699.0,  6Go LPDDR4 ,Mega.tn
574,f0963cc08cbce926fcd8a87a18195f3f1d739282,,,  32 Go  , HUAWEI - SMARTPHONE Y7 PRIME 2018 4G ,549.0, 3 Go  ,Mega.tn
575,b59b4ccb2adf07785ef6e2b5609e736698b3c528,,, 16Go  , HUAWEI - SMARTPHONE Y6 PRIME 2018 4G ,459.0, 2Go  ,Mega.tn
576,63ef1fd5a997c5e16dc5b1c5321a20036c1b2dab, Gold   ,, 32 Go , SAMSUNG - SMARTPHONE GALAXY J4 PLUS 4G ,549.0, 2 Go  ,Mega.tn
577,dafb49d27952b4e2ac91895e2d103cc401e586bd,,, 32 Go , SAMSUNG - Smartphone GALAXY S10 ,3449.0, 2 Go  ,Mega.tn
578,97c1dc9bc952d8007aecb5a5204b1c47f40956f2,,, 64 Go, SAMSUNG - Smartphone Galaxy Note 8 ,2689.0, 6 Go ,Mega.tn
579,f295028eabeb1ae577e14c92db64346791ad80c6,,, 16 Go  Extensible Jusqu'à 128 Go   , NOKIA - Smartphone NOKIA 3 4G NENA ,379.0, 2 Go  ,Mega.tn
580,e6d4c043f0a3c1bd8b016109c96d6ab0680d0112,,, 16Go  , HUAWEI - SMARTPHONE Y5 PRIME 2018 4G ,375.0, 2Go  ,Mega.tn
581,0dfd1156148658bde4926b32233b99cff73e2423,,, 8 Go  Extensible Jusqu'à 256 Go , SAMSUNG - SMARTPHONE GALAXY J2 CORE 4G ,349.0, 1 Go  ,Mega.tn
582,379ca29680f8db5d9bd4a55e05b3933b9e8a4054,,, 128 Go  Water & Dust Résistant et finger scanner, SAMSUNG - Smartphone GALAXY A9 2018 6G RAM 128Go ,1849.0,6Go,Mega.tn
583,724875bfa854b37aa8bcc3e6be6a44be20b7d91a, Noir   ,, 128 Go  , SAMSUNG - SMARTPHONE GALAXY S10E NOIR ,2899.0, 6 Go  ,Mega.tn
584,9ae2406e4c4b99cf7fd03ee9f69677b8347cd700, Noir ,, 4 Go , Téléphone Portable Evertek V5 Nano ,145000.0,512 Mo ,tunisiaNet
585,855473f2de419254f14900d2334c1b8785ac30f1, Gold ,, 4 Go , Téléphone Portable Evertek V5 Nano ,145000.0,512 Mo ,tunisiaNet
586,a3d4e9379543fab75d08399ad8c2864dda40cb0e, Bleu ,, 8 Go , Téléphone Portable Evertek V5 ,225000.0,1 Go ,tunisiaNet
587,3cac2063185dc222dc185c3a57fdd35fdba52cef, Gold ,, 8 Go , Téléphone Portable Evertek V5 ,225000.0,1 Go ,tunisiaNet
588,a7611c7478a550b124fac4ce2bafcab4b35a47bb, Silver ,, 8 Go , Téléphone Portable Evertek V5 ,225000.0,1 Go ,tunisiaNet
589,56a4963253ec88aaee7edca56449092be4afb35e, Rouge ,, 8 Go , Téléphone Portable Evertek V5 Plus ,235000.0,1 Go ,tunisiaNet
590,c9ef5357df5fd99ac356c1dcab42067181764869, Noir ,, 16 Go , Téléphone Portable Condor Griffe T5 ,239000.0,1 Go ,tunisiaNet
591,3cc951a6460204a990a63627112864d0276af214, Gris ,, 16 Go , Téléphone Portable Condor Griffe T5 ,239000.0,1 Go ,tunisiaNet
592,4bbe465c373cbf2beb74de5342caba8fefec291d, Blanc,, 16 Go , Téléphone Portable Condor Griffe T5 ,239000.0,1 Go ,tunisiaNet
593,e23d8a29b47026d407bf2e1a2f7e7b5d699c92a8, Noir ,, 8 Go , Téléphone Portable Evertek V8 ,247000.0,1 Go ,tunisiaNet
594,8d3369da8c4381cd48ef47d420555e043900ed7d, Noir ,, 16 Go extensible Jusqu'à 32 Go , Téléphone Portable Evertek P1 ,289000.0,1 Go ,tunisiaNet
595,3fe4146b4a8308d65181cdf312cbc2af2abdd4c9, Noir ,, 16 Go extensible Jusqu'à 32 Go , Téléphone Portable Evertek P1 ,289000.0,1 Go ,tunisiaNet
596,296880df0257adeecf7f7e7b3c18a030c3e9f585, Noir ,, 8 Go , Téléphone Portable Evertek V9+ ,310000.0,1 Go ,tunisiaNet
597,5f54cf22b070e76f9201e16d79715f0cdd01436d, Gold ,, 8 Go , Téléphone Portable Evertek V9+ ,310000.0,1 Go ,tunisiaNet
598,64499b51c7a2ddb4ac18df19e8ccf1c68ca742df, Gold ,, 16 Go up to 128 Go Via Micro SD , Téléphone Portable Infinix Smart 2 HD ,319000.0,1 Go ,tunisiaNet
599,e0cdf0c4c619c72a0de09b926304a20e6cf9bbfa, Noir ,, 8 Go , Téléphone Portable Nokia 1 Plus ,319000.0,1 Go ,tunisiaNet
600,482782170afebabd8ed6bb9c874d825d56761d0c, Bleu ,, 8 Go , Téléphone Portable Nokia 1 Plus ,319000.0,1 Go ,tunisiaNet
601,6dd9436ac3bbba5db13304c53658c78190bfa794, Rouge ,, 8 Go , Téléphone Portable Nokia 1 Plus ,319000.0,1 Go ,tunisiaNet
602,427f445c83d275344523a1bd1b8d5e6f6286cfe4, Rouge ,, 8 Go , Téléphone Portable Logicom Le Must ,324000.0,1 Go ,tunisiaNet
603,ecb458be629c8f4b924f30913ac1f5f6509d40ab, Rouge ,, 8 Go , Téléphone Portable Logicom Le Must ,324000.0,1 Go ,tunisiaNet
604,7367038540a2a854fe00db6892a3f5db1b034910, Rouge ,, 16 o Extensible Jusqu'à 256 Go Via Micro SD , Téléphone Portable Samsung Galaxy A2 Core ,349000.0,1 Go ,tunisiaNet
605,206c67f8cb904a041f98757e996e0c24c3b22f1f, Rouge ,, 16 o Extensible Jusqu'à 256 Go Via Micro SD , Téléphone Portable Samsung Galaxy A2 Core ,349000.0,1 Go ,tunisiaNet
606,e0b34d3809469776aac164f8a062d0d6d69b8be4, Rouge ,, 16 o Extensible Jusqu'à 256 Go Via Micro SD , Téléphone Portable Samsung Galaxy A2 Core ,349000.0,1 Go ,tunisiaNet
607,d67d40fd853af00918f84f3e64225056b797f7cd, Rouge ,, 8Go Extensible Jusqu'à 256Go Via Micro SD , Téléphone Portable Samsung Galaxy J2 Core ,349000.0,1Go ,tunisiaNet
608,56d947be12864249fc98b8681f44fbf941bf2f4b, Rouge ,, 8Go Extensible Jusqu'à 256Go Via Micro SD , Téléphone Portable Samsung Galaxy J2 Core ,349000.0,1Go ,tunisiaNet
609,a128c90939d3c875e71f3cd426488bec05e682a9, Rouge ,, 8Go Extensible Jusqu'à 256Go Via Micro SD , Téléphone Portable Samsung Galaxy J2 Core ,349000.0,1Go ,tunisiaNet
610,1087d151297714a38eb84369b71fb7b312c6f78d, Silver ,, 8 Go up to 128 Go , Téléphone Portable Samsung Galaxy J2 Core ,349000.0,1 Go ,tunisiaNet
611,6a8563be402512c41a8aa251e1f766803c8fdbfd, Bleu & Silver ,, 8 Go up to 128 Go , Téléphone Portable Nokia 2.1 Bleu,349000.0,1 Go ,tunisiaNet
612,da5d5dec0b8927bfe5dd7ec9c730693e3842c641, Noir ,, 16 Go up to 400 Go , Téléphone Portable Nokia 2.1 Bleu,379000.0,2 Go ,tunisiaNet
613,2ed8f512f113f581fe00559dbe07b311dfbb49dc, Noir ,, 32 Go , Téléphone Portable Tecno POP 2s Pro ,379000.0,2 Go ,tunisiaNet
614,e8d15524eff8552d9cd69e070a30d8dbf1b91328, Noir ,, 32 Go , Téléphone Portable Tecno POP 2s Pro ,379000.0,2 Go ,tunisiaNet
615,6c3c19d2c344d27612e9b859672f37e55159ccc1, Noir ,, 32 Go , Téléphone Portable Huawei Y5 2019 ,399000.0,2 Go ,tunisiaNet
616,ab2b5005361eaaadaa1d6663b7d2fd12981ff05d, Noir ,, 32 Go , Téléphone Portable Huawei Y5 2019 ,399000.0,2 Go ,tunisiaNet
617,445f9bc29d76895cc5b32976ef528d62e6a9291d, Noir ,, 32 Go , Téléphone Portable Huawei Y5 2019 ,399000.0,2 Go ,tunisiaNet
618,4ee258bcf827b62d5a18f25acdfe6ca7cc9daa99, Noir ,, 32 Go , Téléphone Portable Leagoo M9 Pro ,399000.0,2 Go ,tunisiaNet
619,b6eff712ffd1a006d9db746e7515e8ddbc4a4dab, Noir ,, 32 Go , Téléphone Portable Leagoo M9 Pro ,399000.0,2 Go ,tunisiaNet
620,c6a71805a6298bec6e57110fc3c31302f754af55, Noir ,, 16 Go extensible jusqu'à 32 Go via MicroSD , Téléphone Portable Condor Plume P8 Lite  ,459000.0,3 Go ,tunisiaNet
621,d73b28286b8e410b0fe3d99a8d6d2742d17f8756, Noir ,, 16 Go extensible via MicroSD , Téléphone Portable Condor Plume H1 ,469000.0,3 Go ,tunisiaNet
622,461aa7d5c708c8e7f833378c689072cc186fcf61, Noir ,, 16 Go extensible via MicroSD , Téléphone Portable Condor Plume H1 ,469000.0,3 Go ,tunisiaNet
623,030e52113a61b719d2b2724b65596b224acf6d7c, Noir ,, 64 Go extensible jusqu'à 128 , Téléphone Portable Condor A100 Lite ,479000.0,3 Go ,tunisiaNet
624,5e668b8a4a53acee94ec03c0bcea71c696dc13d9, Noir ,, 16 Go up to 128 Go , Téléphone Portable Nokia 5 ,489000.0,2 Go ,tunisiaNet
625,9d9dbeefe9b74e6a5f982024b28edcd31636d8f9, Noir ,, 16 Go extensible via MicroSD , Téléphone Portable Condor Plume P8 Pro ,489000.0,3 Go ,tunisiaNet
626,d065f9f5fba99037298b39df620f5d02573f8f80, Noir ,, 16 Go extensible via MicroSD , Téléphone Portable Condor Plume P8 Pro ,489000.0,3 Go ,tunisiaNet
627,14a9ba679a4764dc76e705c551e7bb9a5a3c7fa7, Noir ,, 32 Go , Téléphone Portable Samsung Galaxy A10 ,499000.0,2 Go ,tunisiaNet
628,13c0ad87383932b115cb6ca2210ca027c2844a09, Noir ,, 32 Go , Téléphone Portable Samsung Galaxy A10 ,499000.0,2 Go ,tunisiaNet
629,146fcefea52f5dbbd088afa43232406c303c9a48, Noir ,, 32 Go , Téléphone Portable Samsung Galaxy A10 ,499000.0,2 Go ,tunisiaNet
630,1f6c5831a503f19617a9611cbe9d22523cb4b6a0, Noir ,, 32 Go , Téléphone Portable Huawei Y6 Prime 2019 ,499000.0,2 Go ,tunisiaNet
631,63bcd1ac10f4f9bcf397d6252c063ea47e0616f6, Noir ,, 16 Go extensible jusqu'à 32 Go via MicroSD , Téléphone Portable Condor Allure A9 ,499000.0,1 Go ,tunisiaNet
632,9382020d598302b413d8f612b4349ec63c5dc5b5, Noir ,, 32 Go , Téléphone Portable Huawei Y6 Prime 2019 ,499000.0,1 Go ,tunisiaNet
633,e13d0a97e65ea9e7ba42737ccb6d122c9b1c94c1, Noir ,, 32 Go , Téléphone Portable Huawei Y6 Prime 2019 ,499000.0,1 Go ,tunisiaNet
634,5affbd80ce6e1412891331fdac7a26e77e220f24, Noir ,, 16 Go , Téléphone Portable Tecno Camon 11 ,539000.0,2 Go ,tunisiaNet
635,0a913a06a912e24160c66025b120822f232bdd71, Noir ,, 16 Go , Téléphone Portable Tecno Camon 11 ,539000.0,2 Go ,tunisiaNet
636,de7257937e211420bf8a377bde31c7c43f18264f, Noir ,, 64 Go up to 128 Go , Téléphone Portable Nokia 3.2 ,569000.0,3 Go ,tunisiaNet
637,70b55ac50a60cfc86096d740e593ffd0ea703331, Silver ,, 64 Go up to 128 Go , Téléphone Portable Nokia 3.2 ,569000.0,3 Go ,tunisiaNet
638,6826e82e1b0b54f018fccacf330020d4c11562b4, Rose ,, 32 Go up to 400 Go , Téléphone Portable Nokia 4.2 ,579000.0,3 Go ,tunisiaNet
639,27fc4d98812044cca556c2fc0133d8626cfb42f1, Rose ,, 32 Go up to 512 Go , Téléphone Portable Huawei Y7 Prime 2019 ,599000.0,3 Go ,tunisiaNet
640,c3e67fb494488ac9a341ceee1598fff2365a55eb, Rose ,, 32 Go up to 512 Go , Téléphone Portable Huawei Y7 Prime 2019 ,599000.0,3 Go ,tunisiaNet
641,f7a7bce5972e2f65084fb6c328aa5940c3d144ea, Rose ,, 32 Go up to 512 Go , Téléphone Portable Huawei Y7 Prime 2019 ,599000.0,3 Go ,tunisiaNet
642,8d237ff7dbb5e345a5667bb7fdea57a0a3dd015a, Baltique ,, 32 Go up to 400 Go , Téléphone Portable Nokia 3.1 Plus ,649000.0,3 Go ,tunisiaNet
643,c9cfb1f6d0d400d705d3088bfffa9769f038c41f, Cuivre ,, 32 Go , Téléphone Portable Nokia 6 ,649000.0,3 Go ,tunisiaNet
644,31a713924ded3e08f9774ca69fd05dad4ca1e76a, Cuivre ,, 32 Go , Téléphone Portable Nokia 6 ,649000.0,3 Go ,tunisiaNet
645,a6a6724c5c5527ecc337e35637157ddccacfbd81, Cuivre ,, 32 Go , Téléphone Portable Samsung Galaxy A20 ,689000.0,3 Go ,tunisiaNet
646,cdbe662b781a9b39a3840e316dd8b71ab630f9aa, Noir ,, 32 Go , Téléphone Portable Nokia 6.1 ,849000.0,3 Go ,tunisiaNet
647,4e92171a4979a13513a0a61e39115d930cd1881b, Noir ,, 128 Go , Téléphone Portable Huawei Y9 Prime 2019 ,849000.0,3 Go ,tunisiaNet
648,2ed64b6a2d4c021901163eeb435c77c3e26c4db7, Noir ,, 128 Go , Téléphone Portable Huawei Y9 Prime 2019 ,849000.0,3 Go ,tunisiaNet
649,1293aac494f4cdf0f7bfba3024adc80262e11091, Noir ,, 128 Go , Téléphone Portable Huawei Y9 Prime 2019 ,849000.0,3 Go ,tunisiaNet
650,874073110ff081d0cf865410bcae85fa2d40157b, Noir ,, 64 Go , Téléphone Portable Samsung Galaxy A30 ,865000.0,4 Go ,tunisiaNet
651,88e77c4c1b15b2d1ddc6435b14baed3c5590a3fd, Noir ,, 64 Go , Téléphone Portable Samsung Galaxy A30 ,865000.0,4 Go ,tunisiaNet
652,a14394df920f73536325699b1c64d029375f18cc, Noir ,, 64 Go , Téléphone Portable Samsung Galaxy A30 ,865000.0,4 Go ,tunisiaNet
653,fbc2e7d29e3bdec280db124d8ce13999ce1994f3, Noir ,, 64Go jusqu'à 256 , Téléphone Portable Oppo F11 ,899000.0,6Go ,tunisiaNet
654,437be1ec86ff466c83d39aa60d188a7b9ed8325c, Noir ,, 64Go jusqu'à 256 , Téléphone Portable Oppo F11 ,899000.0,6Go ,tunisiaNet
655,7d04f56a88204d39234de024553cbb59545b82d9, Noir ,, 64Go jusqu'à 256 , Téléphone Portable Oppo F11 ,899000.0,6Go ,tunisiaNet
656,09c572b0a0a29a45e636504184126fb514d8135f, Noir ,, 128 Go up to 256 Go , Téléphone Portable Huawei nova 3i ,945000.0,4 Go ,tunisiaNet
657,1afafdf32392d6d1f101f99e7a928dc0d01b8fe9, Noir ,, 128 Go , Téléphone Portable Huawei P30 Lite ,999000.0,4 Go ,tunisiaNet
658,dc564fe216a4d9f4907bfa12f6c37259b6292845, Noir ,, 128 Go , Téléphone Portable Huawei P30 Lite ,999000.0,4 Go ,tunisiaNet
659,673210cfa15f2adfbd1adc154f9f4ea6bae45a46, Noir ,, 128 Go , Téléphone Portable Huawei P30 Lite ,999000.0,4 Go ,tunisiaNet
660,fd425c27ce1a812cb4f13700b4af792db0d1011d, Noir ,, 128Go jusqu'à 256 , Téléphone Portable Oppo F11 Pro ,1149000.0,6Go ,tunisiaNet
661,9304e3021693441982ea78627f07fb48e46df9ab, Noir ,, 128 Go , Téléphone Portable Samsung Galaxy A50 ,1169000.0,4 Go ,tunisiaNet
662,d241ed160233cff7cf57e86cb60e87af4eddc935, Noir ,, 128 Go , Téléphone Portable Samsung Galaxy A50 ,1169000.0,4 Go ,tunisiaNet
663,482b4824ad916644318bc9765d5357c1d0408b28, Noir ,, 128 Go , Téléphone Portable Samsung Galaxy A50 ,1199000.0,4 Go ,tunisiaNet
664,c0758c38df83d4f9ea1ab3f6c5f6dd6a611202fe, Noir ,, 128 Go , Téléphone Portable Samsung Galaxy A9 ,1999000.0,4 Go ,tunisiaNet
665,b65a81ab6c2fee9d432a77608e878b6cf4b75535, Noir ,, 128 Go , Téléphone Portable Samsung Galaxy A9 ,1999000.0,4 Go ,tunisiaNet
666,3f27c27aa8709e95b25916bbdb8df107d088258a, Noir ,, 128 Go , Téléphone Portable Samsung Galaxy A80 ,2599000.0,4 Go ,tunisiaNet
667,806788169f0a89cdc9f908e9cb032f745f8ff243, Noir ,, 128 Go , Téléphone Portable Samsung Galaxy A80 ,2599000.0,4 Go ,tunisiaNet
668,071dff85a4e7cd2eb9edf3691ef1586838f43e3b, Noir ,, 128 Go , Téléphone Portable Samsung Galaxy A80 ,2599000.0,4 Go ,tunisiaNet
669,b2226d9243f1c111583f08db22e0bff6f1a48e99, Noir ,, 128 Go , Téléphone Portable Samsung Galaxy S10e ,2899000.0,6 Go ,tunisiaNet
670,a9afe7e63ec732dc2be1582b02b147326f0a1a7b, Noir ,, 128 Go , Téléphone Portable Samsung Galaxy S10e ,2899000.0,6 Go ,tunisiaNet
671,ad2d062d8123f8a86edf09aa18c96c0e8d361156, Gold ,, de stockage 64 Go , Téléphone portable Apple iPhone 8 ,3149000.0,6 Go ,tunisiaNet
672,0b9ff4920d58c4a7b09d0e66ca11ae70c6a0fbca, Silver ,, de stockage 64 Go , Téléphone portable Apple iPhone 8 ,3149000.0,6 Go ,tunisiaNet
673,baa4127a6fd02c0e1f595854b4bf4a5caf2bd570, Silver ,, 128 Go , Téléphone Portable Samsung Galaxy S10 ,3499000.0,8 Go ,tunisiaNet
674,a74bb56aa8262fc73b8bd9b5cb5669a1cac1972a, Silver ,, 128 Go , Téléphone Portable Samsung Galaxy S10 ,3499000.0,8 Go ,tunisiaNet
675,58d0323c0f920bd77f7e37e81e35cb9c658ab414, Silver ,, 128 Go , Téléphone Portable Samsung Galaxy S10 ,3499000.0,8 Go ,tunisiaNet
676,8643c2cdf0052bd902dff069631789c979bf0ffc, Silver ,, 128 Go , Téléphone Portable Samsung Galaxy S10+ ,3899000.0,8 Go ,tunisiaNet
677,2a1defbf380f98836c013a058f2e78ba714a2996, Silver ,, 128 Go , Téléphone Portable Samsung Galaxy S10+ ,3899000.0,8 Go ,tunisiaNet
678,14d80a6a89e35c17ef2de7a596e8a1bd9ab10020, Silver ,, 128 Go , Téléphone Portable Samsung Galaxy S10+ ,3899000.0,8 Go ,tunisiaNet
679,84103add6bacc247ebf338fd8340036fd1f879a3, Rouge ,, 64 Go , Téléphone portable Apple iPhone XR ,3999000.0,3 Go ,tunisiaNet
680,13c5641c6d1e2bf4f7285eed3da57b4c496a5469, Rouge ,, 256 Go , Téléphone Portable Huawei P30 Pro ,3999000.0,3 Go ,tunisiaNet
681,c3f121ee290fdf5fb8f166e0e21869f7ff2d7b94, Rouge ,, 256 Go , Téléphone Portable Huawei P30 Pro ,3999000.0,3 Go ,tunisiaNet
682,ffb4d763b6390fc747da513dd4d9993ccbc09a99, Silver ,, 64 Go , Téléphone portable Apple iPhone X ,4100000.0,3 Go ,tunisiaNet
683,7d919f014e162d317182a013aa5b3eecbf043300, Silver ,, 64 Go , Téléphone portable Apple iPhone X ,4100000.0,3 Go ,tunisiaNet
684,72909c504491a51eeaa3f2cf5a3722da719b69c7, Silver ,, 8 Go extensible jusqu'à 32 Go , Tablette AMA A703 ,179000.0,1 Go ,tunisiaNet
685,a52e5e844e0951f79cad77fd7795e28f7795a428, Silver ,, 8 Go extensible via Micro SD up to 32 Go , Tablette Evertek EverPad E7224HG ,199000.0,1 ,tunisiaNet
686,4d72de74dff62c57b6498dc0b96c7bce2e806337, Silver ,, 8 Go extensible via Micro SD up to 32 Go , Tablette Evertek EverPad E7224HG ,199000.0,1 ,tunisiaNet
687,4a7150e78ad9a16b69ad35aea0ab9116345f0daf, Silver ,, 16 Go Jusqu'à 32 Go , Tablette Versus 904Q ,299000.0,1 Go ,tunisiaNet
688,433069b3d9d564af7b971d70c7e3fb9de980e9b0, Silver ,, 8 Go extensible jusqu’à 128Go , Tablette Samsung Galaxy Tab A 2016 SM-T285 ,459000.0,1.5 Go ,tunisiaNet
689,5cd3201f4a64522a742554ee666d300efc14bffd, Silver ,, 16 Go , Tablette Lenovo TAB E10 TB-X104X ,609000.0,2 Go ,tunisiaNet
690,55c9b9be3b799ee411f835693cceda3cfffa35ff, Silver ,, 16 Go extensible jusqu'à 32 Go , Tablette Huawei MediaPad T3 10\  ,619000.0,2 Go ,tunisiaNet
691,cc5ba63c80f0a7c9d3cfc8721c017d3f2bb53ef4, Silver ,, 16 Go extensible jusqu'à 32 Go , Tablette Lenovo Yoga Tab 3 10\  ,819000.0,2 Go ,tunisiaNet
692,76981e627f97cbaa749b0691353c221ad64d5091, Silver ,, 2 Go , Pc Portable ,949000.0,2 Go ,tunisiaNet
693,f893b42f7f857df65ce8a918280df68972114760, Silver ,, 2 Go , Pc Portable ,949000.0,2 Go ,tunisiaNet
694,22e5d4d1febebf67da1d3f7371bb3135ed1259cf, Silver ,, 2 Go , Pc Portable ,949000.0,2 Go ,tunisiaNet
695,b786f9ae71ca1f7a2152d4ccc528dc80d7fc3da9, Silver ,, 2 Go , iPad Apple 32 Go Wifi + Cellular ,1979000.0,2 Go ,tunisiaNet
